price,bedrooms,bathrooms,sqft_living,grade,condition,age_of_property,renovated,zipcode
221900.0,3,1.0,1180.0,7,3.0,59.0,0,98178.0
180000.0,2,1.0,770.0,6,3.0,82.0,0,98028.0
257500.0,3,2.25,1715.0,7,3.0,19.0,0,98003.0
291850.0,3,1.5,1060.0,7,3.0,52.0,0,98198.0
229500.0,3,1.0,1780.0,7,3.0,55.0,0,98146.0
189000.0,2,1.0,1200.0,7,4.0,93.0,0,98002.0
230000.0,3,1.0,1250.0,7,4.0,46.0,0,98003.0
285000.0,5,2.5,2270.0,8,3.0,19.0,0,98092.0
252700.0,2,1.5,1070.0,7,3.0,29.0,0,98030.0
233000.0,3,2.0,1710.0,6,5.0,73.0,0,98002.0
280000.0,2,1.5,1190.0,7,3.0,9.0,0,98133.0
240000.0,4,1.0,1220.0,7,2.0,46.0,0,98001.0
210490.0,3,1.0,990.0,6,3.0,49.0,0,98023.0
228000.0,3,1.0,1190.0,7,3.0,59.0,0,98148.0
292500.0,4,2.5,2250.0,7,3.0,6.0,0,98042.0
289000.0,3,1.75,1260.0,7,3.0,60.0,0,98148.0
287000.0,4,2.5,2240.0,7,3.0,9.0,0,98001.0
204000.0,3,1.0,1000.0,7,4.0,46.0,0,98042.0
215000.0,2,2.25,1610.0,7,4.0,35.0,0,98056.0
243500.0,4,2.5,1980.0,7,3.0,26.0,0,98023.0
153000.0,3,1.0,1200.0,7,3.0,53.0,0,98023.0
247500.0,3,1.75,1960.0,7,3.0,48.0,0,98032.0
199000.0,4,1.5,1160.0,7,4.0,39.0,0,98023.0
290000.0,3,1.0,1210.0,7,3.0,60.0,0,98058.0
188500.0,2,1.75,1240.0,8,4.0,29.0,0,98198.0
272500.0,3,1.75,1540.0,7,4.0,34.0,0,98038.0
205425.0,2,1.0,880.0,6,4.0,69.0,0,98178.0
171800.0,4,2.0,1570.0,6,3.0,65.0,0,98168.0
260000.0,4,2.25,2160.0,8,3.0,36.0,0,98023.0
212000.0,3,1.75,1060.0,7,4.0,29.0,0,98092.0
199000.0,3,1.75,1320.0,7,4.0,58.0,0,98003.0
220000.0,4,1.75,2020.0,7,3.0,46.0,0,98003.0
205000.0,3,1.0,1610.0,7,4.0,53.0,0,98058.0
258000.0,5,2.0,2260.0,8,4.0,54.0,0,98032.0
282950.0,3,1.0,1250.0,7,4.0,61.0,0,98003.0
215000.0,3,1.0,1180.0,7,4.0,47.0,0,98058.0
247000.0,3,2.0,1270.0,7,3.0,98.0,1,98022.0
255000.0,5,2.25,2060.0,7,3.0,52.0,0,98146.0
269950.0,2,1.75,1340.0,5,5.0,66.0,0,98198.0
284000.0,3,1.75,1560.0,7,3.0,61.0,0,98166.0
272000.0,3,1.75,2160.0,7,4.0,37.0,0,98023.0
269950.0,3,1.5,1950.0,7,4.0,39.0,0,98022.0
260000.0,3,2.5,1670.0,7,3.0,26.0,0,98030.0
163500.0,2,1.5,1050.0,7,3.0,18.0,0,98038.0
269000.0,4,1.75,1490.0,8,4.0,46.0,0,98023.0
166950.0,3,1.0,1190.0,6,3.0,55.0,0,98058.0
230000.0,3,1.0,1060.0,7,3.0,66.0,0,98155.0
256883.0,3,2.5,1690.0,8,3.0,11.0,0,98023.0
210000.0,3,1.0,860.0,6,4.0,72.0,0,98056.0
297000.0,3,2.5,1940.0,8,3.0,20.0,0,98042.0
226500.0,3,1.5,1300.0,7,4.0,38.0,0,98023.0
274250.0,3,1.0,910.0,6,4.0,53.0,0,98059.0
180250.0,2,0.75,900.0,6,3.0,73.0,0,98166.0
280000.0,2,1.0,850.0,6,3.0,92.0,0,98168.0
279950.0,3,2.0,1750.0,7,3.0,53.0,0,98198.0
264950.0,4,2.25,1720.0,7,4.0,36.0,0,98023.0
235000.0,3,1.0,1430.0,7,4.0,54.0,0,98031.0
213000.0,2,1.0,1000.0,6,3.0,53.0,0,98024.0
225000.0,3,1.75,1430.0,7,4.0,46.0,0,98003.0
210000.0,2,1.0,830.0,6,3.0,74.0,0,98126.0
225000.0,3,1.0,1300.0,6,4.0,61.0,0,98002.0
181000.0,2,1.5,720.0,6,3.0,61.0,0,98106.0
250000.0,4,2.0,2010.0,7,4.0,39.0,0,98002.0
260000.0,3,2.0,1810.0,7,4.0,36.0,0,98032.0
245000.0,3,2.5,1730.0,7,3.0,27.0,0,98030.0
255000.0,3,1.0,1230.0,7,3.0,35.0,0,98045.0
237000.0,3,1.75,1270.0,7,4.0,54.0,0,98198.0
290000.0,4,2.5,1700.0,7,4.0,26.0,0,98031.0
285000.0,3,1.0,1120.0,7,3.0,60.0,0,98106.0
272500.0,3,2.5,2070.0,8,3.0,36.0,0,98023.0
210000.0,3,1.0,1700.0,7,4.0,47.0,0,98003.0
236000.0,3,1.0,1300.0,7,3.0,53.0,0,98178.0
170000.0,2,1.0,860.0,6,3.0,84.0,0,98178.0
265000.0,3,2.0,1320.0,7,3.0,21.0,0,98042.0
267500.0,3,1.75,1590.0,7,3.0,57.0,0,98188.0
208633.0,3,2.5,2040.0,8,3.0,9.0,0,98038.0
201000.0,5,1.75,1660.0,6,3.0,99.0,0,98065.0
268750.0,4,1.0,800.0,6,3.0,71.0,0,98166.0
230000.0,3,2.0,1450.0,7,3.0,11.0,0,98001.0
240000.0,3,1.75,1510.0,7,3.0,46.0,0,98023.0
232000.0,2,1.0,1240.0,6,3.0,92.0,1,98146.0
240500.0,2,1.0,1240.0,6,3.0,93.0,1,98146.0
274975.0,3,2.5,3030.0,9,3.0,27.0,0,98077.0
186375.0,3,1.0,1000.0,7,2.0,63.0,0,98166.0
279000.0,6,1.75,2240.0,7,4.0,60.0,0,98198.0
295000.0,3,2.0,1810.0,8,3.0,23.0,0,98022.0
260000.0,4,2.5,1960.0,7,3.0,11.0,0,98038.0
265000.0,3,1.75,1420.0,7,3.0,60.0,0,98133.0
245000.0,3,1.75,1740.0,7,3.0,61.0,0,98178.0
165000.0,4,1.0,1000.0,6,3.0,71.0,0,98178.0
239900.0,4,1.0,1000.0,6,3.0,71.0,0,98178.0
206600.0,3,2.0,1390.0,7,4.0,27.0,0,98030.0
299000.0,1,0.75,560.0,4,3.0,47.0,0,98014.0
252000.0,4,1.5,1550.0,7,4.0,46.0,0,98001.0
300000.0,4,2.5,1910.0,7,3.0,9.0,0,98038.0
280000.0,3,2.25,1430.0,7,3.0,21.0,0,98056.0
297000.0,3,2.25,1450.0,7,3.0,20.0,0,98056.0
275000.0,3,3.0,1590.0,7,3.0,17.0,0,98038.0
270000.0,2,1.5,1380.0,6,1.0,60.0,0,98011.0
252350.0,3,2.0,1650.0,7,3.0,35.0,0,98058.0
269900.0,4,1.75,1530.0,7,4.0,46.0,0,98058.0
278500.0,3,2.0,1570.0,7,3.0,17.0,0,98092.0
268000.0,3,2.5,1550.0,7,3.0,24.0,0,98031.0
245000.0,3,2.5,1530.0,7,5.0,19.0,0,98038.0
237000.0,3,2.5,1490.0,7,3.0,9.0,0,98055.0
227950.0,3,1.5,1670.0,7,5.0,60.0,0,98001.0
196000.0,3,2.25,2070.0,7,3.0,40.0,0,98001.0
205000.0,3,1.0,940.0,7,4.0,54.0,0,98032.0
232000.0,3,1.0,1400.0,6,4.0,39.0,0,98038.0
255000.0,3,1.75,1240.0,7,5.0,29.0,0,98042.0
230000.0,3,2.0,1510.0,7,3.0,29.0,0,98031.0
80000.0,1,0.75,430.0,4,2.0,102.0,0,98014.0
290900.0,2,2.0,1610.0,6,3.0,84.0,1,98178.0
295000.0,4,2.5,2160.0,8,4.0,37.0,0,98023.0
207950.0,2,2.0,890.0,6,3.0,97.0,0,98118.0
232000.0,3,1.75,1300.0,7,5.0,47.0,0,98042.0
299000.0,3,2.75,3080.0,7,4.0,56.0,0,98032.0
280000.0,3,1.5,1670.0,7,4.0,52.0,0,98055.0
240000.0,2,1.75,1330.0,7,3.0,21.0,0,98188.0
290000.0,4,1.0,1330.0,7,3.0,65.0,0,98133.0
300000.0,2,1.0,1100.0,7,4.0,65.0,0,98133.0
288000.0,3,1.0,1190.0,6,5.0,57.0,0,98058.0
190000.0,2,1.0,630.0,6,3.0,71.0,1,98178.0
235000.0,4,1.5,1690.0,5,4.0,84.0,0,98055.0
275000.0,2,1.0,940.0,6,3.0,63.0,0,98126.0
270500.0,3,2.5,1780.0,7,3.0,37.0,0,98038.0
200000.0,2,1.5,1360.0,7,3.0,37.0,0,98092.0
160000.0,3,1.5,1010.0,7,4.0,52.0,0,98198.0
204000.0,3,1.0,1040.0,6,4.0,44.0,0,98010.0
249000.0,3,2.0,1360.0,7,3.0,21.0,0,98042.0
280000.0,4,2.5,1560.0,7,3.0,11.0,0,98056.0
259950.0,2,2.0,1070.0,9,3.0,7.0,0,98106.0
215000.0,2,1.0,1320.0,6,4.0,71.0,0,98168.0
261000.0,2,1.0,750.0,6,4.0,71.0,0,98055.0
238000.0,4,1.0,1400.0,7,3.0,55.0,0,98188.0
260000.0,3,1.0,1180.0,6,4.0,55.0,0,98178.0
263500.0,3,1.75,1330.0,7,3.0,34.0,0,98058.0
300000.0,2,1.0,1220.0,7,4.0,51.0,0,98038.0
266000.0,3,2.5,1805.0,7,3.0,5.0,0,98002.0
180000.0,3,1.0,1384.0,6,4.0,49.0,0,98023.0
264000.0,3,1.5,1820.0,7,4.0,52.0,0,98003.0
268500.0,4,1.75,1420.0,7,4.0,33.0,0,98031.0
265000.0,3,1.75,1820.0,7,4.0,48.0,0,98022.0
290000.0,3,2.5,1610.0,8,3.0,9.0,0,98055.0
296000.0,4,2.5,1780.0,7,3.0,8.0,0,98038.0
240500.0,3,1.75,1460.0,7,3.0,17.0,0,98168.0
185000.0,3,1.75,1430.0,7,3.0,20.0,0,98010.0
223000.0,3,2.0,1670.0,7,3.0,24.0,0,98042.0
242000.0,3,1.75,1280.0,7,4.0,26.0,0,98031.0
175000.0,3,1.0,1250.0,7,3.0,44.0,0,98045.0
210000.0,3,2.0,1440.0,8,3.0,31.0,0,98092.0
260000.0,3,2.5,1920.0,7,3.0,26.0,0,98031.0
200000.0,3,1.5,1210.0,7,4.0,56.0,0,98002.0
289500.0,3,1.0,960.0,6,4.0,70.0,0,98178.0
218000.0,3,1.0,960.0,6,5.0,32.0,0,98022.0
214000.0,3,1.0,1200.0,6,4.0,61.0,0,98002.0
245000.0,3,1.5,1360.0,7,5.0,66.0,0,98188.0
240000.0,3,1.75,1760.0,7,3.0,28.0,0,98038.0
157000.0,1,1.0,870.0,6,3.0,75.0,0,98198.0
220000.0,3,1.0,1000.0,6,3.0,70.0,0,98166.0
269900.0,3,1.75,1140.0,7,3.0,29.0,0,98045.0
290000.0,3,1.5,1950.0,8,4.0,55.0,0,98003.0
280000.0,2,1.0,1010.0,7,4.0,89.0,0,98045.0
188000.0,2,1.5,1120.0,6,3.0,91.0,0,98178.0
222000.0,3,2.0,1440.0,7,4.0,33.0,0,98023.0
245000.0,3,2.0,1410.0,7,3.0,29.0,0,98030.0
268000.0,4,1.75,1680.0,7,3.0,37.0,0,98198.0
225000.0,3,1.75,1760.0,7,3.0,35.0,0,98042.0
195000.0,2,1.0,820.0,6,3.0,62.0,0,98118.0
130000.0,2,1.0,880.0,5,3.0,86.0,0,98188.0
243000.0,3,1.75,1450.0,7,4.0,33.0,0,98001.0
215000.0,4,1.0,1130.0,7,4.0,45.0,0,98003.0
250000.0,4,1.75,1710.0,7,5.0,46.0,0,98032.0
267000.0,3,2.0,1300.0,7,3.0,21.0,0,98010.0
289950.0,3,2.5,1670.0,7,3.0,12.0,0,98038.0
210000.0,2,1.75,1440.0,8,4.0,36.0,0,98198.0
245000.0,2,1.0,1050.0,7,3.0,64.0,0,98126.0
233000.0,3,2.0,1400.0,7,3.0,40.0,0,98001.0
260000.0,3,1.75,1100.0,7,5.0,30.0,0,98042.0
269950.0,3,2.5,1890.0,8,3.0,12.0,0,98168.0
218000.0,5,1.75,1930.0,8,4.0,49.0,0,98023.0
232500.0,3,1.5,1940.0,7,4.0,45.0,0,98003.0
249950.0,4,1.0,1330.0,6,3.0,62.0,0,98168.0
210000.0,2,1.0,750.0,6,3.0,65.0,0,98168.0
250000.0,2,2.0,1130.0,6,4.0,74.0,0,98030.0
246500.0,3,2.0,1430.0,7,3.0,22.0,0,98022.0
287500.0,3,1.0,1810.0,7,4.0,60.0,0,98133.0
226000.0,3,1.0,970.0,6,3.0,46.0,0,98118.0
175000.0,4,1.0,1300.0,6,3.0,67.0,0,98168.0
270000.0,4,2.25,1900.0,8,4.0,39.0,0,98023.0
249900.0,3,1.75,1380.0,5,4.0,75.0,1,98001.0
285000.0,4,1.75,2510.0,8,4.0,52.0,0,98032.0
282000.0,4,1.75,1660.0,7,3.0,58.0,0,98168.0
254000.0,3,2.0,2070.0,7,4.0,45.0,0,98023.0
287653.0,3,1.0,1050.0,7,4.0,54.0,1,98038.0
265000.0,3,2.5,1720.0,7,3.0,21.0,0,98038.0
166600.0,3,1.75,1150.0,7,4.0,37.0,0,98042.0
245000.0,1,0.75,380.0,5,3.0,51.0,0,98168.0
280000.0,4,2.5,2050.0,8,3.0,24.0,0,98092.0
275000.0,3,2.25,1420.0,7,4.0,26.0,0,98038.0
289999.0,5,2.5,2180.0,8,4.0,38.0,0,98092.0
147500.0,3,1.0,1530.0,7,3.0,56.0,0,98031.0
229000.0,3,1.0,1020.0,7,3.0,60.0,0,98198.0
185000.0,3,1.0,1150.0,6,3.0,82.0,0,98168.0
200000.0,4,2.0,1920.0,6,2.0,101.0,0,98136.0
225000.0,4,2.25,1800.0,8,3.0,45.0,0,98092.0
209000.0,3,2.0,1230.0,7,3.0,11.0,0,98106.0
291500.0,3,1.75,1260.0,7,4.0,27.0,0,98042.0
200000.0,1,1.5,1010.0,8,3.0,7.0,0,98126.0
300000.0,3,2.0,1480.0,7,4.0,36.0,0,98058.0
255000.0,3,1.75,1410.0,7,5.0,54.0,0,98031.0
234000.0,3,1.75,1420.0,7,4.0,48.0,0,98002.0
205000.0,3,2.0,1410.0,7,3.0,29.0,0,98001.0
270000.0,2,1.0,1000.0,6,3.0,71.0,0,98106.0
290000.0,5,1.5,2120.0,7,5.0,52.0,0,98058.0
250000.0,3,2.0,1440.0,7,3.0,49.0,0,98198.0
255000.0,3,1.5,1340.0,7,4.0,57.0,0,98188.0
288400.0,4,2.5,1860.0,7,4.0,31.0,0,98031.0
300000.0,3,2.5,1320.0,7,3.0,9.0,0,98118.0
288349.0,3,1.0,1250.0,6,4.0,43.0,0,98010.0
299900.0,3,2.25,1560.0,7,3.0,30.0,0,98092.0
299995.0,2,1.0,1060.0,6,4.0,63.0,0,98155.0
253000.0,3,2.5,2020.0,7,3.0,20.0,0,98042.0
260000.0,4,1.75,1810.0,7,3.0,38.0,0,98023.0
210000.0,4,2.0,1520.0,6,5.0,94.0,0,98022.0
196500.0,3,1.0,1320.0,7,3.0,48.0,0,98001.0
265000.0,3,1.0,1070.0,7,4.0,65.0,0,98198.0
237500.0,3,1.75,1050.0,7,4.0,40.0,0,98023.0
216000.0,3,1.0,1280.0,7,4.0,59.0,0,98003.0
280000.0,3,2.25,1900.0,8,4.0,38.0,0,98055.0
283000.0,4,2.75,2130.0,7,3.0,22.0,0,98022.0
260000.0,3,1.0,1480.0,6,3.0,74.0,0,98168.0
253000.0,3,2.0,1490.0,7,3.0,27.0,0,98003.0
178500.0,2,1.0,740.0,6,3.0,61.0,0,98146.0
291000.0,4,2.5,1860.0,7,4.0,23.0,0,98038.0
199950.0,2,2.75,1590.0,5,3.0,94.0,0,98001.0
189950.0,2,1.0,1030.0,8,3.0,34.0,0,98038.0
289000.0,3,2.0,1850.0,8,3.0,26.0,0,98001.0
270000.0,3,2.0,1560.0,7,3.0,47.0,0,98058.0
258000.0,4,1.75,1730.0,7,3.0,37.0,0,98023.0
245000.0,3,2.25,1422.0,7,3.0,2.0,0,98092.0
280300.0,2,1.0,920.0,6,4.0,65.0,0,98103.0
164808.0,3,1.0,1250.0,7,3.0,34.0,0,98178.0
283000.0,4,1.5,1480.0,6,5.0,72.0,0,98168.0
287000.0,3,2.25,1370.0,7,4.0,23.0,0,98038.0
271310.0,2,1.0,870.0,6,2.0,108.0,0,98144.0
245000.0,3,1.75,1490.0,7,4.0,24.0,0,98030.0
249900.0,3,1.75,2080.0,6,5.0,64.0,0,98001.0
218500.0,2,1.0,1600.0,7,4.0,66.0,0,98002.0
197500.0,2,1.0,820.0,6,3.0,65.0,0,98055.0
249500.0,2,1.75,1500.0,7,4.0,51.0,0,98042.0
275000.0,3,1.5,1410.0,7,3.0,61.0,0,98133.0
140000.0,1,1.0,730.0,4,4.0,88.0,0,98055.0
250000.0,3,1.0,1190.0,7,3.0,60.0,0,98108.0
208000.0,4,2.75,1810.0,7,3.0,52.0,0,98198.0
225000.0,3,1.5,1370.0,7,3.0,52.0,0,98168.0
241000.0,3,1.0,1010.0,6,4.0,41.0,0,98092.0
285000.0,2,1.5,990.0,7,3.0,14.0,0,98133.0
151000.0,2,1.0,720.0,5,4.0,72.0,0,98056.0
285000.0,2,2.5,1380.0,7,3.0,3.0,0,98126.0
195000.0,3,1.0,1260.0,6,4.0,56.0,1,98023.0
200000.0,3,1.0,1230.0,6,3.0,68.0,0,98106.0
285167.0,3,2.25,2200.0,8,3.0,26.0,0,98092.0
275000.0,2,1.5,1270.0,7,4.0,68.0,0,98003.0
262000.0,4,2.5,1560.0,7,3.0,18.0,0,98168.0
224500.0,4,1.0,1430.0,7,4.0,31.0,0,98092.0
239000.0,3,1.0,940.0,6,3.0,65.0,0,98146.0
170000.0,3,1.0,1480.0,6,3.0,70.0,0,98106.0
195000.0,2,1.0,1190.0,5,4.0,104.0,0,98027.0
272000.0,5,1.5,2550.0,7,4.0,55.0,0,98056.0
269000.0,3,1.0,1690.0,7,3.0,47.0,0,98178.0
225000.0,3,1.0,1020.0,6,5.0,28.0,0,98022.0
219000.0,2,2.0,1310.0,6,3.0,10.0,0,98038.0
225500.0,4,2.0,1440.0,6,5.0,52.0,0,98058.0
252500.0,3,2.0,1150.0,7,5.0,58.0,0,98178.0
75000.0,1,0.0,670.0,3,3.0,49.0,0,98022.0
298900.0,3,2.5,1830.0,8,3.0,21.0,0,98092.0
267500.0,5,3.5,2390.0,7,5.0,37.0,0,98042.0
194000.0,3,1.0,1070.0,7,4.0,43.0,0,98023.0
290000.0,2,0.75,440.0,5,4.0,71.0,0,98070.0
274700.0,4,2.0,2440.0,7,5.0,51.0,0,98031.0
235000.0,3,1.0,1170.0,6,4.0,46.0,0,98059.0
220000.0,4,1.0,1440.0,7,3.0,55.0,0,98188.0
173000.0,2,1.0,1740.0,6,3.0,67.0,0,98168.0
277000.0,2,1.0,770.0,6,3.0,66.0,0,98155.0
254000.0,3,2.5,1850.0,8,3.0,11.0,0,98042.0
263000.0,3,1.75,1490.0,6,3.0,101.0,0,98118.0
179950.0,3,1.0,960.0,7,4.0,62.0,0,98003.0
245000.0,3,2.5,1600.0,7,3.0,12.0,0,98038.0
100000.0,2,1.0,770.0,7,3.0,36.0,0,98001.0
130000.0,3,1.0,1110.0,7,4.0,55.0,0,98033.0
234000.0,3,1.5,1200.0,7,4.0,47.0,0,98042.0
211000.0,4,2.0,1710.0,7,3.0,44.0,0,98031.0
208000.0,3,1.0,990.0,6,5.0,55.0,0,98002.0
250275.0,2,1.0,790.0,6,4.0,72.0,0,98166.0
270000.0,3,1.75,1800.0,6,3.0,30.0,0,98030.0
170000.0,3,1.5,1350.0,7,2.0,48.0,0,98092.0
276900.0,3,1.0,1270.0,7,4.0,56.0,0,98056.0
258000.0,3,1.75,2270.0,8,4.0,36.0,0,98023.0
265000.0,3,2.75,1120.0,8,3.0,15.0,0,98103.0
295700.0,4,2.5,1720.0,8,3.0,14.0,0,98092.0
270000.0,3,1.0,1240.0,7,4.0,42.0,0,98058.0
170000.0,3,1.5,1370.0,6,3.0,68.0,0,98168.0
255000.0,2,1.0,960.0,6,4.0,30.0,0,98070.0
284000.0,3,1.75,1530.0,7,3.0,27.0,0,98042.0
285000.0,4,3.0,1900.0,7,4.0,27.0,0,98042.0
275000.0,3,1.0,1370.0,7,4.0,84.0,0,98024.0
225000.0,4,2.0,2220.0,7,3.0,48.0,0,98042.0
255000.0,3,1.0,1180.0,7,4.0,47.0,0,98058.0
234975.0,3,1.75,1650.0,7,3.0,35.0,0,98092.0
279950.0,3,1.75,1510.0,7,3.0,49.0,0,98155.0
267500.0,3,1.5,1600.0,7,4.0,51.0,0,98030.0
110000.0,2,1.0,830.0,6,2.0,72.0,0,98166.0
274500.0,3,2.25,1720.0,8,4.0,45.0,0,98023.0
282000.0,4,1.0,1200.0,7,3.0,66.0,0,98155.0
290000.0,3,1.0,1440.0,7,3.0,47.0,0,98055.0
260000.0,2,1.0,1120.0,6,3.0,70.0,0,98178.0
260000.0,2,1.0,1550.0,7,5.0,95.0,0,98038.0
225000.0,3,2.0,1700.0,6,5.0,69.0,0,98146.0
279200.0,1,1.0,640.0,5,3.0,75.0,0,98117.0
234000.0,3,1.75,1490.0,7,4.0,39.0,0,98042.0
250000.0,3,1.5,2840.0,8,3.0,64.0,0,98056.0
267000.0,3,2.5,2495.0,8,3.0,7.0,0,98001.0
275000.0,1,0.75,1170.0,7,5.0,52.0,0,98022.0
292000.0,4,2.5,2060.0,8,3.0,14.0,0,98030.0
253000.0,3,1.75,1250.0,7,3.0,20.0,0,98010.0
280000.0,2,1.0,910.0,6,5.0,72.0,0,98106.0
300000.0,3,2.5,1260.0,8,3.0,15.0,0,98059.0
283500.0,4,2.25,2100.0,8,3.0,36.0,0,98055.0
245000.0,4,1.5,1280.0,6,3.0,55.0,0,98178.0
241000.0,3,2.0,1650.0,7,3.0,25.0,0,98023.0
265000.0,2,1.0,760.0,6,4.0,64.0,0,98108.0
290000.0,4,1.75,1990.0,7,4.0,85.0,0,98168.0
264950.0,3,1.5,1470.0,7,3.0,48.0,0,98030.0
290000.0,3,2.25,1500.0,7,4.0,46.0,0,98055.0
180000.0,3,1.0,870.0,6,3.0,45.0,1,98042.0
215000.0,2,1.0,1010.0,6,4.0,70.0,0,98133.0
235867.0,4,2.0,1330.0,5,4.0,72.0,0,98056.0
250000.0,1,1.0,660.0,6,3.0,96.0,0,98144.0
140000.0,3,1.0,1090.0,7,3.0,56.0,0,98032.0
260000.0,3,1.75,1050.0,7,3.0,34.0,0,98166.0
280000.0,4,2.25,2100.0,8,3.0,37.0,0,98003.0
235000.0,6,3.0,2180.0,7,3.0,34.0,0,98003.0
250000.0,2,1.0,1030.0,6,3.0,58.0,0,98146.0
229950.0,5,2.75,2000.0,7,3.0,20.0,0,98023.0
249000.0,3,1.5,1700.0,7,3.0,45.0,0,98031.0
206135.0,3,1.0,1340.0,7,4.0,36.0,0,98030.0
300000.0,5,2.75,2000.0,7,4.0,46.0,0,98055.0
230000.0,4,2.0,1220.0,7,4.0,45.0,0,98023.0
190000.0,2,1.0,700.0,6,3.0,64.0,0,98118.0
270000.0,3,2.25,2080.0,7,3.0,11.0,0,98042.0
264000.0,3,1.5,1470.0,7,4.0,56.0,0,98042.0
170000.0,3,1.0,970.0,6,4.0,53.0,0,98198.0
250000.0,4,2.25,1730.0,7,3.0,53.0,0,98001.0
150000.0,2,1.0,1100.0,6,4.0,71.0,0,98058.0
245000.0,3,2.0,1450.0,7,4.0,42.0,0,98003.0
265900.0,3,2.0,1180.0,7,4.0,22.0,0,98031.0
299000.0,4,2.5,1820.0,7,3.0,39.0,0,98058.0
199990.0,3,1.0,1100.0,6,3.0,53.0,0,98023.0
294000.0,3,1.75,1530.0,7,3.0,28.0,0,98038.0
284950.0,4,1.5,2000.0,7,4.0,53.0,0,98198.0
140000.0,3,1.0,1060.0,7,3.0,55.0,0,98198.0
235000.0,3,1.0,1060.0,7,3.0,56.0,0,98198.0
300000.0,3,1.5,1500.0,6,4.0,81.0,0,98168.0
249950.0,3,1.75,1320.0,7,4.0,46.0,0,98002.0
285000.0,3,2.0,2110.0,6,5.0,59.0,0,98178.0
229900.0,3,1.75,1100.0,7,3.0,33.0,0,98032.0
290000.0,3,2.0,1760.0,7,3.0,16.0,0,98030.0
245000.0,2,1.0,710.0,6,3.0,73.0,0,98126.0
208000.0,3,1.75,1070.0,7,3.0,20.0,0,98010.0
248000.0,4,2.25,2320.0,8,4.0,48.0,0,98032.0
192000.0,2,1.75,1340.0,6,3.0,74.0,0,98055.0
169317.0,2,1.0,790.0,7,3.0,107.0,0,98112.0
210000.0,1,1.0,930.0,6,3.0,66.0,0,98133.0
180500.0,3,1.5,1540.0,7,3.0,42.0,0,98058.0
177500.0,3,1.5,1220.0,7,3.0,46.0,0,98055.0
238000.0,3,2.5,1650.0,7,3.0,10.0,0,98055.0
299000.0,3,1.0,1510.0,7,3.0,40.0,0,98001.0
272750.0,4,1.5,1800.0,7,3.0,48.0,0,98146.0
284950.0,3,1.0,990.0,7,5.0,54.0,0,98059.0
255000.0,2,1.5,1480.0,7,3.0,66.0,0,98188.0
231500.0,2,1.0,1200.0,7,5.0,73.0,0,98168.0
220000.0,4,2.0,2340.0,6,4.0,56.0,0,98030.0
293000.0,3,1.0,1020.0,7,3.0,74.0,0,98133.0
285000.0,4,2.25,1830.0,7,4.0,23.0,0,98030.0
224000.0,4,1.5,1600.0,7,4.0,55.0,0,98002.0
165050.0,3,1.0,1200.0,7,3.0,55.0,0,98022.0
275000.0,3,1.25,1230.0,7,4.0,101.0,0,98118.0
196440.0,3,2.0,1560.0,6,3.0,22.0,0,98001.0
281000.0,2,1.0,930.0,7,3.0,34.0,0,98034.0
270000.0,3,2.25,1520.0,7,3.0,26.0,0,98038.0
219900.0,4,1.5,1120.0,6,3.0,45.0,1,98042.0
229000.0,3,1.0,1370.0,7,3.0,72.0,0,98003.0
187500.0,3,1.5,1180.0,7,4.0,37.0,0,98023.0
300000.0,3,1.75,1280.0,7,4.0,38.0,0,98031.0
300000.0,3,1.75,1830.0,7,4.0,48.0,0,98059.0
264000.0,3,1.75,1760.0,8,4.0,48.0,0,98023.0
200000.0,3,1.5,2060.0,6,3.0,111.0,0,98055.0
252000.0,1,1.0,680.0,6,1.0,105.0,1,98116.0
189950.0,4,2.0,1910.0,6,4.0,96.0,0,98001.0
300000.0,2,1.0,960.0,6,3.0,67.0,0,98155.0
299000.0,4,2.5,1950.0,7,3.0,12.0,0,98178.0
210000.0,3,1.0,1340.0,5,3.0,61.0,0,98019.0
300000.0,3,1.0,1010.0,6,3.0,36.0,0,98014.0
269000.0,3,2.0,1210.0,7,3.0,11.0,0,98031.0
190000.0,2,1.0,840.0,6,3.0,20.0,0,98010.0
285000.0,4,2.25,2150.0,7,4.0,36.0,0,98023.0
256000.0,2,1.0,860.0,6,3.0,100.0,1,98146.0
279000.0,4,2.25,2090.0,7,3.0,40.0,0,98058.0
225000.0,2,1.0,1300.0,6,4.0,39.0,0,98010.0
215500.0,2,1.75,1220.0,6,3.0,42.0,0,98001.0
212000.0,4,2.0,1880.0,6,5.0,69.0,0,98178.0
206000.0,4,2.0,1720.0,7,3.0,55.0,0,98001.0
240000.0,4,1.5,1920.0,8,3.0,60.0,0,98178.0
300000.0,5,1.0,1940.0,7,3.0,57.0,0,98188.0
275000.0,2,1.0,1180.0,6,4.0,65.0,0,98133.0
255000.0,4,2.0,2430.0,7,3.0,54.0,0,98178.0
189650.0,2,1.75,1100.0,6,3.0,34.0,0,98198.0
260000.0,3,1.75,1340.0,7,3.0,34.0,0,98038.0
243000.0,3,1.75,1790.0,7,3.0,54.0,0,98198.0
249000.0,3,1.5,1580.0,7,4.0,38.0,0,98092.0
175000.0,2,1.0,1170.0,6,3.0,103.0,0,98198.0
210000.0,2,1.0,1450.0,7,3.0,64.0,0,98118.0
207000.0,4,2.5,2100.0,6,3.0,100.0,0,98055.0
247500.0,4,2.0,2460.0,7,4.0,66.0,0,98002.0
150000.0,3,1.0,1250.0,7,4.0,47.0,0,98031.0
300000.0,3,1.0,2150.0,6,3.0,60.0,0,98177.0
133000.0,3,1.0,980.0,7,3.0,47.0,0,98198.0
210000.0,3,2.0,1440.0,7,3.0,51.0,0,98001.0
265000.0,2,1.0,620.0,6,3.0,74.0,0,98126.0
230000.0,3,1.0,1240.0,6,3.0,66.0,0,98028.0
255000.0,5,3.75,2800.0,7,3.0,50.0,0,98023.0
190000.0,4,2.0,1580.0,7,3.0,38.0,0,98155.0
240000.0,3,1.0,1260.0,7,3.0,49.0,0,98003.0
275000.0,3,1.75,1490.0,8,3.0,36.0,0,98030.0
284200.0,3,2.5,1570.0,7,3.0,38.0,0,98001.0
215000.0,4,1.5,1430.0,7,3.0,35.0,0,98023.0
232500.0,3,2.0,1370.0,7,4.0,36.0,0,98023.0
250000.0,3,2.5,1700.0,8,3.0,17.0,0,98092.0
252000.0,3,2.0,1340.0,6,3.0,20.0,0,98055.0
250000.0,1,0.75,940.0,6,3.0,71.0,0,98019.0
200000.0,1,0.75,680.0,5,3.0,67.0,0,98115.0
210000.0,3,1.75,1260.0,7,3.0,31.0,0,98042.0
299000.0,3,1.75,1730.0,7,3.0,55.0,0,98065.0
194000.0,3,1.5,1010.0,6,3.0,71.0,0,98178.0
180000.0,3,1.0,1010.0,6,4.0,94.0,0,98002.0
280000.0,3,2.5,1650.0,7,3.0,25.0,0,98030.0
176250.0,4,2.0,1440.0,7,4.0,49.0,0,98002.0
276900.0,2,1.0,1350.0,7,4.0,62.0,0,98045.0
272000.0,3,2.0,1380.0,7,3.0,25.0,0,98001.0
156000.0,3,1.0,770.0,6,3.0,73.0,0,98188.0
275000.0,5,1.5,1950.0,7,3.0,50.0,0,98146.0
235000.0,1,1.0,810.0,7,5.0,73.0,0,98126.0
152900.0,1,1.0,900.0,6,5.0,100.0,1,98022.0
210000.0,2,2.0,1190.0,6,3.0,75.0,0,98146.0
250000.0,3,2.5,1530.0,7,3.0,13.0,0,98108.0
219950.0,3,1.0,1200.0,7,4.0,56.0,0,98022.0
235000.0,4,2.75,1770.0,8,3.0,35.0,0,98023.0
272000.0,3,2.5,1790.0,8,3.0,16.0,0,98092.0
195000.0,3,1.0,1280.0,7,3.0,66.0,0,98155.0
297000.0,3,2.5,1690.0,7,3.0,12.0,0,98038.0
272500.0,3,2.0,1540.0,7,3.0,16.0,0,98038.0
150000.0,3,1.0,1240.0,6,3.0,46.0,0,98042.0
225000.0,3,1.0,1200.0,6,4.0,45.0,0,98038.0
235000.0,2,1.0,870.0,6,3.0,65.0,0,98126.0
199000.0,3,1.0,1390.0,7,4.0,50.0,0,98042.0
192500.0,2,1.0,950.0,6,3.0,88.0,0,98168.0
295000.0,3,2.5,1460.0,7,3.0,19.0,0,98038.0
248000.0,5,1.5,1510.0,7,4.0,55.0,0,98168.0
279000.0,3,2.5,1500.0,7,2.0,36.0,0,98023.0
280000.0,3,1.0,1400.0,6,4.0,59.0,0,98198.0
272000.0,4,2.5,1870.0,7,3.0,10.0,0,98058.0
264950.0,4,1.75,1770.0,7,5.0,31.0,0,98042.0
180500.0,3,2.5,1800.0,7,3.0,18.0,0,98030.0
235000.0,3,1.75,1190.0,7,4.0,46.0,0,98092.0
250000.0,2,1.0,670.0,6,3.0,71.0,0,98106.0
239900.0,4,2.25,1860.0,8,3.0,35.0,0,98023.0
185000.0,3,1.0,980.0,7,3.0,59.0,0,98001.0
251700.0,3,2.25,1810.0,7,3.0,37.0,0,98178.0
82500.0,2,1.0,520.0,5,2.0,63.0,0,98168.0
292500.0,4,1.75,2140.0,7,3.0,46.0,0,98023.0
270000.0,3,2.25,2390.0,7,4.0,45.0,0,98058.0
280950.0,3,1.75,1390.0,7,4.0,102.0,0,98055.0
245990.0,3,1.0,1040.0,7,3.0,72.0,1,98188.0
280000.0,3,2.5,1860.0,7,3.0,25.0,0,98023.0
250000.0,3,1.0,1230.0,7,4.0,57.0,0,98055.0
238000.0,2,1.0,1088.0,6,3.0,63.0,1,98001.0
265000.0,3,1.0,800.0,6,3.0,65.0,0,98155.0
270000.0,3,2.5,1670.0,7,4.0,24.0,0,98042.0
234000.0,3,1.0,1040.0,6,3.0,31.0,0,98019.0
150000.0,3,1.0,1450.0,7,3.0,62.0,0,98178.0
275000.0,4,1.0,1340.0,7,3.0,88.0,0,98168.0
265000.0,3,1.75,2050.0,7,3.0,35.0,0,98058.0
230000.0,2,1.75,1910.0,8,3.0,34.0,0,98038.0
250000.0,3,1.75,1770.0,7,4.0,55.0,0,98002.0
258500.0,3,2.0,1460.0,7,3.0,26.0,0,98038.0
276000.0,3,1.0,1140.0,7,3.0,54.0,0,98106.0
257000.0,3,1.75,1850.0,6,3.0,100.0,0,98034.0
235000.0,4,2.0,1570.0,7,4.0,30.0,0,98092.0
275000.0,3,2.5,1600.0,8,4.0,21.0,0,98038.0
210000.0,3,1.5,1160.0,7,5.0,44.0,0,98042.0
265000.0,4,2.5,2040.0,8,3.0,13.0,0,98092.0
220000.0,3,1.0,1660.0,7,4.0,41.0,0,98022.0
295450.0,3,2.0,2030.0,8,4.0,48.0,0,98092.0
205000.0,4,2.0,1450.0,7,4.0,48.0,0,98031.0
284000.0,4,1.75,1880.0,7,3.0,54.0,0,98168.0
280005.0,3,1.5,1130.0,7,3.0,61.0,0,98178.0
245000.0,4,2.0,1870.0,7,3.0,37.0,0,98022.0
265000.0,3,2.5,1440.0,7,4.0,31.0,0,98031.0
208000.0,3,1.0,1020.0,7,4.0,48.0,0,98002.0
273000.0,2,0.5,1180.0,6,4.0,69.0,0,98155.0
270000.0,4,2.5,1750.0,7,3.0,27.0,0,98023.0
213550.0,3,2.5,1580.0,7,3.0,24.0,0,98001.0
210000.0,5,1.75,2340.0,7,3.0,57.0,0,98198.0
235000.0,3,1.5,1300.0,7,4.0,52.0,0,98022.0
287500.0,3,2.0,1760.0,6,4.0,79.0,0,98055.0
183000.0,3,1.75,1070.0,6,4.0,57.0,0,98002.0
299500.0,3,1.0,1280.0,6,3.0,56.0,0,98144.0
288350.0,3,1.5,1860.0,7,3.0,51.0,0,98188.0
250000.0,4,2.0,1960.0,7,5.0,36.0,0,98031.0
225000.0,3,1.5,1310.0,7,4.0,45.0,0,98042.0
275000.0,3,2.5,1720.0,8,3.0,31.0,0,98023.0
260000.0,3,1.5,1320.0,7,3.0,60.0,0,98148.0
252000.0,3,1.75,1430.0,7,4.0,34.0,0,98031.0
210000.0,2,2.0,1680.0,7,4.0,104.0,0,98002.0
290000.0,2,1.0,1340.0,7,3.0,65.0,0,98133.0
260000.0,3,1.0,1190.0,6,3.0,67.0,0,98024.0
243000.0,2,1.0,1770.0,7,4.0,71.0,0,98178.0
270000.0,4,2.0,1830.0,7,3.0,64.0,0,98118.0
226740.0,3,1.5,1410.0,7,4.0,49.0,0,98092.0
283000.0,3,2.0,1820.0,7,3.0,94.0,1,98022.0
250000.0,2,1.0,740.0,6,5.0,72.0,0,98126.0
264900.0,4,2.5,2040.0,7,3.0,36.0,0,98031.0
230000.0,4,2.0,1440.0,7,4.0,48.0,0,98001.0
255000.0,4,2.5,2070.0,8,3.0,25.0,0,98003.0
172500.0,2,2.0,1510.0,6,2.0,57.0,0,98059.0
232000.0,3,2.0,1280.0,7,3.0,20.0,0,98042.0
262000.0,4,2.5,2020.0,7,3.0,12.0,0,98001.0
234000.0,3,1.0,1040.0,7,5.0,44.0,0,98198.0
278000.0,3,1.0,860.0,6,3.0,94.0,0,98166.0
230000.0,5,1.0,1920.0,7,3.0,53.0,0,98168.0
254000.0,2,1.0,1060.0,6,4.0,62.0,0,98133.0
175000.0,2,1.0,1300.0,6,5.0,56.0,0,98001.0
172040.0,3,2.25,1710.0,7,4.0,36.0,0,98031.0
282000.0,3,2.25,1552.0,7,3.0,3.0,0,98092.0
269950.0,4,2.5,1960.0,8,3.0,12.0,0,98023.0
260000.0,2,1.0,1270.0,6,3.0,37.0,0,98010.0
193000.0,3,1.5,1180.0,7,4.0,37.0,0,98023.0
300000.0,3,2.5,1830.0,7,3.0,23.0,0,98168.0
299500.0,3,2.5,2090.0,8,3.0,25.0,0,98003.0
280000.0,4,2.25,1990.0,8,4.0,36.0,0,98003.0
235000.0,4,1.0,1610.0,6,3.0,67.0,0,98001.0
242000.0,3,2.0,1260.0,7,3.0,28.0,0,98038.0
165000.0,3,1.5,1280.0,7,3.0,41.0,0,98001.0
286700.0,3,1.0,1220.0,6,3.0,56.0,0,98065.0
280000.0,3,1.75,1590.0,7,3.0,41.0,0,98058.0
233000.0,2,2.25,850.0,8,3.0,13.0,0,98133.0
143000.0,3,1.0,1090.0,6,4.0,45.0,0,98092.0
200000.0,5,1.75,1770.0,7,4.0,55.0,0,98059.0
265000.0,4,1.0,1290.0,6,3.0,65.0,0,98118.0
262000.0,3,1.75,1320.0,7,4.0,25.0,0,98023.0
290000.0,4,2.0,1660.0,7,3.0,47.0,0,98144.0
275000.0,3,2.25,1260.0,7,3.0,5.0,0,98133.0
236500.0,4,1.0,2140.0,6,3.0,90.0,0,98118.0
294000.0,3,1.0,1320.0,7,3.0,61.0,0,98178.0
195000.0,3,1.75,1510.0,7,2.0,35.0,0,98045.0
280000.0,6,3.0,2400.0,7,3.0,23.0,0,98002.0
300000.0,6,3.0,2400.0,7,3.0,24.0,0,98002.0
207500.0,3,1.0,1170.0,6,4.0,48.0,0,98023.0
195000.0,3,1.5,1190.0,7,3.0,58.0,0,98146.0
260000.0,3,1.75,1580.0,7,5.0,103.0,0,98126.0
285000.0,3,1.75,1840.0,7,3.0,109.0,1,98118.0
155000.0,2,1.0,700.0,6,5.0,62.0,0,98056.0
179900.0,2,1.0,680.0,6,3.0,71.0,0,98168.0
166000.0,3,1.0,1010.0,7,3.0,58.0,0,98168.0
269000.0,3,2.5,1560.0,7,3.0,11.0,0,98038.0
225000.0,3,1.0,1010.0,6,4.0,53.0,0,98198.0
175000.0,2,1.0,1020.0,6,4.0,66.0,0,98002.0
210000.0,3,1.0,1040.0,6,4.0,54.0,0,98023.0
299900.0,4,2.5,1580.0,7,3.0,3.0,0,98038.0
235000.0,4,2.5,1810.0,7,3.0,44.0,0,98042.0
276000.0,3,2.5,2495.0,8,3.0,7.0,0,98001.0
265000.0,4,1.5,1740.0,7,4.0,51.0,0,98003.0
265000.0,3,2.25,1630.0,7,3.0,23.0,0,98001.0
175000.0,3,1.0,1030.0,7,3.0,60.0,0,98146.0
267345.0,4,2.25,2510.0,7,4.0,42.0,0,98023.0
275000.0,3,2.5,1480.0,8,3.0,27.0,0,98045.0
212000.0,4,1.75,1250.0,7,4.0,43.0,0,98023.0
231500.0,4,2.25,2080.0,7,4.0,29.0,0,98030.0
265000.0,3,1.0,1080.0,6,3.0,64.0,0,98126.0
134000.0,2,1.5,980.0,7,3.0,92.0,1,98014.0
259000.0,3,2.0,1870.0,7,3.0,28.0,0,98030.0
205500.0,2,1.0,900.0,6,5.0,76.0,0,98022.0
300000.0,3,1.75,1500.0,6,5.0,72.0,0,98056.0
299000.0,2,1.0,1070.0,6,3.0,72.0,0,98077.0
230000.0,3,1.0,1300.0,7,4.0,56.0,0,98198.0
279900.0,3,1.75,1580.0,7,4.0,52.0,0,98198.0
210000.0,3,1.0,1200.0,6,3.0,109.0,1,98178.0
290300.0,2,1.0,860.0,6,4.0,83.0,0,98055.0
169575.0,3,1.0,1300.0,7,3.0,46.0,0,98003.0
250000.0,3,1.0,1300.0,7,3.0,47.0,0,98003.0
257500.0,3,1.75,1530.0,7,3.0,35.0,0,98042.0
246500.0,3,1.5,1270.0,7,4.0,50.0,0,98031.0
190000.0,3,1.0,910.0,7,4.0,46.0,0,98003.0
259000.0,3,2.5,2153.0,8,3.0,8.0,0,98001.0
202500.0,3,1.5,1510.0,7,3.0,61.0,0,98148.0
225000.0,3,2.5,1740.0,7,3.0,25.0,0,98001.0
161500.0,3,1.0,1220.0,7,5.0,53.0,0,98002.0
271900.0,3,1.75,1890.0,7,3.0,35.0,0,98045.0
278000.0,4,2.5,1850.0,7,3.0,23.0,0,98030.0
230000.0,2,1.0,950.0,6,3.0,56.0,0,98058.0
285750.0,3,2.25,1960.0,8,3.0,49.0,0,98055.0
184500.0,2,1.0,720.0,6,3.0,75.0,0,98178.0
250000.0,3,1.5,2210.0,7,3.0,80.0,0,98168.0
220000.0,2,1.0,780.0,6,5.0,92.0,0,98055.0
239950.0,5,1.0,1460.0,6,4.0,73.0,0,98168.0
273000.0,3,1.75,2050.0,6,4.0,56.0,0,98058.0
223000.0,3,1.0,1030.0,7,3.0,53.0,0,98032.0
298500.0,4,2.5,1890.0,7,3.0,11.0,0,98092.0
283000.0,3,1.0,1740.0,7,3.0,67.0,0,98168.0
278500.0,4,1.0,1540.0,7,3.0,44.0,0,98058.0
234500.0,3,1.75,1310.0,7,3.0,60.0,0,98168.0
266000.0,3,2.5,1780.0,7,4.0,28.0,0,98030.0
265000.0,4,1.5,1240.0,7,4.0,54.0,0,98198.0
230000.0,3,1.0,1530.0,7,4.0,95.0,0,98022.0
172000.0,3,1.0,1350.0,7,4.0,56.0,0,98023.0
199000.0,4,2.0,2030.0,7,3.0,64.0,0,98178.0
268000.0,5,1.75,1730.0,7,5.0,52.0,0,98059.0
190000.0,3,1.0,1090.0,7,3.0,47.0,0,98003.0
212000.0,3,1.5,1010.0,7,4.0,42.0,0,98003.0
275000.0,3,2.5,1730.0,7,4.0,27.0,0,98030.0
280000.0,2,1.0,1260.0,6,3.0,67.0,0,98126.0
223000.0,3,1.75,1360.0,7,4.0,30.0,0,98023.0
274900.0,4,2.5,1970.0,7,3.0,27.0,0,98030.0
179500.0,3,1.0,1180.0,7,3.0,62.0,0,98092.0
195000.0,3,1.75,1380.0,7,3.0,33.0,0,98042.0
175000.0,5,1.75,1680.0,7,4.0,36.0,0,98003.0
157500.0,2,1.0,670.0,5,3.0,110.0,0,98108.0
248000.0,3,2.5,2120.0,7,3.0,30.0,0,98092.0
245000.0,3,1.0,910.0,6,4.0,103.0,0,98103.0
256000.0,3,2.5,1480.0,7,5.0,19.0,0,98010.0
145600.0,3,1.0,1170.0,6,3.0,57.0,0,98058.0
250250.0,3,2.25,2210.0,8,4.0,45.0,0,98023.0
162000.0,4,2.0,1440.0,5,4.0,71.0,0,98056.0
280000.0,4,1.75,2250.0,8,3.0,58.0,0,98023.0
282000.0,3,1.0,1670.0,7,5.0,38.0,0,98042.0
293000.0,4,2.25,2360.0,7,3.0,17.0,0,98038.0
195000.0,2,2.0,1180.0,6,3.0,10.0,0,98038.0
249000.0,3,1.0,1110.0,7,3.0,62.0,0,98166.0
149900.0,2,1.75,1090.0,8,4.0,33.0,0,98198.0
205000.0,3,1.75,1420.0,7,5.0,34.0,0,98023.0
210500.0,3,1.0,1220.0,7,5.0,57.0,0,98001.0
180000.0,3,1.0,1960.0,5,2.0,106.0,0,98056.0
205000.0,2,1.0,720.0,6,3.0,59.0,0,98106.0
240000.0,3,1.0,1470.0,7,3.0,45.0,0,98032.0
160000.0,3,1.0,1200.0,6,2.0,66.0,0,98118.0
265000.0,3,2.0,1380.0,7,4.0,59.0,0,98148.0
167000.0,1,1.0,780.0,6,3.0,26.0,0,98014.0
295000.0,1,1.0,520.0,6,3.0,96.0,0,98116.0
209000.0,2,1.0,840.0,6,5.0,46.0,0,98042.0
276000.0,3,1.75,2240.0,7,4.0,47.0,0,98001.0
254600.0,3,2.0,1470.0,7,4.0,46.0,0,98002.0
230000.0,3,2.0,1440.0,6,4.0,72.0,1,98056.0
123300.0,3,1.0,1150.0,7,4.0,58.0,0,98032.0
275436.0,4,2.75,2170.0,7,3.0,48.0,0,98030.0
225000.0,3,1.0,940.0,7,3.0,61.0,0,98148.0
265000.0,3,1.0,1400.0,7,3.0,53.0,0,98168.0
296000.0,2,1.0,1370.0,7,3.0,67.0,0,98133.0
250750.0,5,1.75,2140.0,8,4.0,63.0,0,98002.0
196000.0,3,1.0,880.0,7,4.0,36.0,0,98023.0
220000.0,4,1.75,1660.0,6,3.0,62.0,0,98168.0
219500.0,1,1.0,820.0,8,3.0,7.0,0,98126.0
299950.0,3,2.5,1870.0,7,3.0,24.0,0,98001.0
259500.0,3,1.75,1650.0,7,3.0,57.0,0,98188.0
259000.0,3,1.75,1590.0,7,3.0,62.0,0,98166.0
228800.0,4,2.5,1470.0,7,3.0,12.0,0,98118.0
210000.0,3,1.0,1230.0,7,3.0,45.0,0,98042.0
200450.0,3,1.0,970.0,6,3.0,58.0,0,98188.0
219950.0,3,1.5,1070.0,6,3.0,30.0,0,98002.0
202000.0,2,1.0,670.0,6,3.0,73.0,0,98126.0
279000.0,2,2.75,1770.0,8,3.0,12.0,0,98001.0
273500.0,3,1.5,1560.0,7,3.0,53.0,0,98031.0
160000.0,4,1.0,1520.0,7,3.0,54.0,0,98198.0
170000.0,3,1.0,1310.0,7,3.0,58.0,0,98198.0
235000.0,3,1.0,1310.0,7,3.0,59.0,0,98198.0
285000.0,4,1.75,2080.0,7,4.0,59.0,0,98178.0
280000.0,2,1.0,960.0,6,3.0,72.0,0,98117.0
272000.0,4,1.75,2520.0,7,3.0,36.0,0,98023.0
219950.0,3,1.5,1620.0,7,4.0,47.0,0,98042.0
156000.0,2,1.0,600.0,5,3.0,82.0,0,98146.0
255000.0,3,1.75,2190.0,7,4.0,95.0,0,98002.0
203000.0,3,1.0,840.0,6,5.0,46.0,0,98042.0
228000.0,2,1.0,1060.0,6,3.0,63.0,0,98125.0
200000.0,4,2.0,2090.0,7,3.0,40.0,0,98178.0
275000.0,4,2.0,2030.0,7,3.0,70.0,0,98168.0
280000.0,3,2.5,1270.0,8,3.0,21.0,0,98045.0
210000.0,3,1.0,1080.0,6,3.0,72.0,0,98106.0
285000.0,2,1.0,1210.0,6,3.0,63.0,0,98126.0
222000.0,3,1.0,990.0,6,3.0,49.0,0,98023.0
200000.0,4,2.5,1720.0,7,3.0,53.0,0,98092.0
247500.0,3,2.0,1530.0,7,3.0,19.0,0,98023.0
190000.0,3,1.75,1100.0,6,3.0,72.0,0,98146.0
283200.0,4,1.75,1830.0,8,4.0,57.0,0,98003.0
89950.0,1,1.0,570.0,5,3.0,73.0,0,98146.0
158800.0,3,1.0,960.0,6,3.0,64.0,0,98146.0
196000.0,3,1.5,1000.0,6,3.0,26.0,0,98001.0
176500.0,3,1.0,930.0,5,4.0,105.0,0,98032.0
250000.0,3,1.0,1480.0,7,3.0,57.0,0,98146.0
275000.0,2,1.5,1160.0,7,3.0,9.0,0,98133.0
178500.0,3,1.75,1120.0,7,3.0,42.0,0,98045.0
215000.0,3,1.5,1410.0,7,4.0,33.0,0,98023.0
181100.0,4,1.75,1850.0,7,3.0,60.0,0,98198.0
288400.0,3,2.25,1870.0,7,3.0,17.0,0,98056.0
285000.0,4,2.0,1760.0,7,3.0,89.0,1,98118.0
285000.0,3,2.5,1940.0,7,3.0,24.0,0,98042.0
249000.0,3,1.75,1400.0,6,5.0,98.0,0,98056.0
200000.0,2,1.0,950.0,6,3.0,60.0,0,98166.0
210000.0,3,1.0,1030.0,7,3.0,48.0,0,98198.0
178000.0,5,1.5,1990.0,7,3.0,55.0,0,98178.0
255000.0,2,1.0,810.0,6,1.0,86.0,0,98146.0
269000.0,3,2.5,1440.0,7,3.0,9.0,0,98038.0
234000.0,3,1.0,1750.0,7,4.0,53.0,0,98032.0
290000.0,3,1.75,1710.0,7,3.0,47.0,0,98045.0
262000.0,1,0.75,520.0,3,5.0,95.0,0,98022.0
270000.0,4,2.5,2350.0,8,3.0,12.0,0,98042.0
299000.0,3,2.25,1920.0,8,4.0,32.0,0,98032.0
252000.0,2,1.0,940.0,6,4.0,88.0,0,98070.0
271000.0,4,1.75,1710.0,7,5.0,39.0,0,98031.0
230000.0,2,1.0,930.0,6,3.0,28.0,0,98168.0
210000.0,3,2.25,1430.0,7,3.0,31.0,0,98023.0
190000.0,3,2.0,1320.0,7,3.0,27.0,0,98038.0
299950.0,3,1.5,1940.0,7,3.0,57.0,0,98168.0
240000.0,3,1.75,1630.0,7,4.0,38.0,0,98032.0
256000.0,3,1.0,880.0,5,4.0,90.0,0,98055.0
218000.0,3,2.25,1610.0,8,4.0,46.0,0,98023.0
153503.0,2,2.5,1240.0,7,3.0,28.0,0,98003.0
180000.0,3,1.75,1330.0,7,3.0,36.0,0,98001.0
193000.0,3,1.5,1180.0,7,3.0,54.0,0,98148.0
295000.0,4,2.5,1850.0,7,3.0,24.0,0,98030.0
257200.0,3,2.0,1850.0,7,4.0,62.0,0,98002.0
282000.0,4,2.75,2390.0,7,3.0,25.0,0,98023.0
289000.0,3,1.0,1090.0,6,5.0,33.0,0,98056.0
206000.0,3,1.0,1050.0,5,5.0,108.0,0,98010.0
208000.0,3,2.0,1250.0,7,4.0,34.0,0,98042.0
245000.0,4,2.25,2600.0,8,3.0,36.0,0,98023.0
296000.0,2,1.0,750.0,5,3.0,67.0,0,98117.0
294000.0,2,1.0,820.0,6,5.0,62.0,0,98133.0
95000.0,2,1.0,800.0,7,3.0,67.0,0,98198.0
240000.0,3,1.0,1350.0,7,4.0,55.0,0,98032.0
253000.0,3,2.25,1440.0,7,3.0,50.0,0,98030.0
250000.0,2,0.75,700.0,6,4.0,57.0,0,98092.0
299000.0,3,2.5,2450.0,8,3.0,21.0,0,98023.0
265000.0,3,2.0,1570.0,7,3.0,16.0,0,98092.0
247300.0,2,2.0,1140.0,7,3.0,5.0,0,98144.0
145000.0,3,1.0,1010.0,6,3.0,60.0,0,98168.0
160000.0,2,2.0,1040.0,6,2.0,64.0,0,98118.0
242500.0,3,2.25,1770.0,7,3.0,36.0,0,98198.0
189000.0,3,2.0,1460.0,7,2.0,19.0,0,98045.0
144975.0,2,1.0,900.0,5,3.0,75.0,0,98198.0
122000.0,2,1.0,860.0,6,3.0,70.0,0,98022.0
225000.0,3,2.0,2030.0,7,4.0,35.0,0,98001.0
160000.0,2,1.0,1180.0,6,3.0,96.0,0,98178.0
115000.0,2,1.0,1000.0,5,3.0,101.0,0,98001.0
221700.0,2,1.5,1556.0,7,4.0,57.0,0,98032.0
260000.0,4,2.0,1620.0,7,4.0,39.0,0,98031.0
189000.0,2,1.0,790.0,6,3.0,70.0,0,98168.0
280000.0,3,1.0,1200.0,7,4.0,60.0,0,98030.0
245000.0,2,1.0,820.0,6,3.0,69.0,0,98133.0
250000.0,3,1.0,1130.0,7,3.0,63.0,0,98118.0
297500.0,4,2.5,1910.0,7,3.0,9.0,0,98038.0
289950.0,2,1.0,760.0,6,4.0,64.0,0,98133.0
279000.0,3,1.5,1280.0,5,4.0,82.0,0,98038.0
216000.0,3,2.0,1260.0,6,3.0,16.0,0,98188.0
276000.0,2,1.0,1140.0,6,3.0,92.0,1,98065.0
100000.0,2,1.0,790.0,6,3.0,70.0,0,98178.0
199000.0,3,1.0,1390.0,7,3.0,57.0,0,98058.0
207500.0,3,1.0,1640.0,7,3.0,47.0,0,98042.0
200000.0,3,1.5,1090.0,6,3.0,51.0,0,98042.0
288000.0,0,1.5,1430.0,7,3.0,15.0,0,98125.0
275000.0,3,2.0,1380.0,7,3.0,6.0,0,98038.0
226950.0,2,1.0,930.0,6,3.0,57.0,0,98168.0
209950.0,3,1.75,1100.0,6,5.0,46.0,0,98042.0
119900.0,2,1.0,700.0,6,3.0,63.0,0,98178.0
207000.0,3,1.0,1080.0,7,4.0,52.0,0,98023.0
195000.0,3,1.0,1070.0,7,3.0,47.0,0,98001.0
210000.0,1,1.0,1050.0,6,4.0,67.0,0,98133.0
150000.0,2,1.0,720.0,5,3.0,32.0,0,98058.0
255000.0,2,1.0,1220.0,6,3.0,104.0,0,98126.0
256500.0,2,1.0,1120.0,6,4.0,34.0,0,98070.0
299950.0,3,2.5,1600.0,8,4.0,21.0,0,98001.0
277500.0,2,1.5,1190.0,7,3.0,10.0,0,98133.0
195000.0,3,1.0,1510.0,6,5.0,101.0,0,98022.0
222000.0,3,2.0,1200.0,7,3.0,46.0,0,98002.0
205000.0,3,1.5,1820.0,7,4.0,52.0,0,98055.0
175000.0,6,1.5,1930.0,7,3.0,43.0,0,98146.0
197000.0,4,1.0,1360.0,7,3.0,54.0,0,98188.0
277500.0,4,2.25,1660.0,7,3.0,51.0,0,98188.0
300000.0,4,3.0,2200.0,6,3.0,54.0,0,98058.0
299000.0,3,2.25,1940.0,8,4.0,48.0,0,98023.0
299000.0,3,1.75,2100.0,7,3.0,31.0,0,98001.0
280000.0,3,1.75,2630.0,7,3.0,56.0,0,98055.0
277950.0,3,2.5,2100.0,7,3.0,22.0,0,98023.0
230000.0,2,2.0,1300.0,7,3.0,11.0,0,98198.0
253779.0,4,2.0,2030.0,6,3.0,67.0,0,98188.0
200000.0,3,1.5,1090.0,7,4.0,46.0,0,98042.0
221000.0,3,2.25,1430.0,7,3.0,27.0,0,98023.0
200000.0,3,1.5,1140.0,7,3.0,54.0,0,98168.0
249000.0,4,2.25,1860.0,7,3.0,52.0,0,98032.0
270000.0,5,1.5,1930.0,7,3.0,48.0,0,98058.0
248000.0,4,3.5,1850.0,7,3.0,28.0,0,98023.0
252500.0,2,1.0,900.0,6,4.0,53.0,0,98014.0
280000.0,2,1.5,800.0,8,3.0,12.0,0,98103.0
122000.0,2,1.0,760.0,6,3.0,69.0,0,98168.0
286300.0,2,1.0,1000.0,7,3.0,52.0,0,98045.0
218450.0,2,1.0,840.0,6,4.0,62.0,0,98166.0
251000.0,3,2.0,1200.0,6,5.0,66.0,0,98022.0
206000.0,3,1.0,970.0,5,4.0,73.0,0,98002.0
200000.0,4,1.0,1070.0,7,3.0,70.0,0,98178.0
219000.0,2,1.0,900.0,6,3.0,62.0,0,98106.0
267000.0,3,1.0,1740.0,7,4.0,52.0,0,98188.0
245000.0,3,2.5,1770.0,7,3.0,23.0,0,98031.0
225000.0,3,1.75,1330.0,7,3.0,46.0,0,98003.0
158000.0,3,2.5,1520.0,7,4.0,29.0,0,98030.0
281000.0,3,1.75,1350.0,7,3.0,49.0,0,98188.0
245000.0,2,2.0,1070.0,6,4.0,82.0,0,98055.0
135000.0,2,1.0,1220.0,6,4.0,100.0,0,98010.0
275000.0,3,1.75,1890.0,7,3.0,12.0,0,98092.0
213500.0,3,1.0,1220.0,7,4.0,46.0,0,98002.0
132500.0,3,0.75,850.0,6,3.0,70.0,0,98146.0
179950.0,3,1.0,1130.0,7,3.0,60.0,0,98188.0
188200.0,3,1.0,1260.0,7,4.0,61.0,0,98002.0
223000.0,3,2.0,1110.0,7,4.0,23.0,0,98031.0
230000.0,2,1.0,720.0,6,3.0,94.0,0,98118.0
286000.0,3,2.75,1100.0,7,3.0,6.0,0,98106.0
201700.0,3,1.0,1010.0,7,4.0,48.0,0,98001.0
240000.0,3,1.0,1270.0,7,3.0,60.0,0,98188.0
157340.0,2,1.0,900.0,7,2.0,62.0,0,98042.0
250000.0,3,1.0,1050.0,6,3.0,60.0,0,98133.0
277284.0,3,1.75,1030.0,6,3.0,88.0,0,98126.0
211000.0,3,1.0,1410.0,7,3.0,33.0,0,98019.0
222000.0,2,2.0,1360.0,6,3.0,10.0,0,98038.0
194820.0,3,1.5,1100.0,7,3.0,47.0,0,98001.0
205000.0,3,1.0,1130.0,7,3.0,60.0,0,98168.0
200000.0,3,1.0,960.0,6,3.0,61.0,0,98178.0
84000.0,2,1.0,700.0,6,3.0,66.0,0,98168.0
255000.0,2,1.0,740.0,6,4.0,88.0,0,98118.0
220000.0,5,1.5,1830.0,7,3.0,85.0,0,98031.0
286950.0,4,2.5,2080.0,7,3.0,31.0,0,98001.0
149000.0,3,1.0,1700.0,6,3.0,59.0,0,98146.0
284700.0,3,1.0,1700.0,6,3.0,59.0,0,98146.0
160000.0,3,1.0,1350.0,6,3.0,72.0,0,98188.0
255500.0,3,1.0,1350.0,6,3.0,73.0,0,98188.0
169500.0,2,1.0,790.0,6,4.0,70.0,0,98058.0
225000.0,3,1.0,1000.0,7,3.0,60.0,0,98146.0
95000.0,1,0.75,760.0,5,4.0,100.0,0,98002.0
240000.0,4,1.75,1420.0,5,5.0,72.0,0,98056.0
245000.0,2,1.5,1450.0,8,4.0,31.0,0,98198.0
239000.0,2,1.0,1210.0,7,4.0,62.0,0,98198.0
294950.0,4,2.0,2610.0,6,4.0,74.0,0,98188.0
214946.0,3,1.75,1290.0,7,4.0,35.0,0,98042.0
205000.0,3,1.75,1200.0,7,3.0,56.0,0,98198.0
300000.0,3,1.0,930.0,6,5.0,95.0,0,98106.0
173000.0,2,1.0,820.0,7,4.0,49.0,0,98055.0
216650.0,3,3.5,1540.0,7,3.0,7.0,0,98109.0
265000.0,3,1.5,1530.0,7,3.0,28.0,0,98038.0
210000.0,3,1.0,1240.0,6,4.0,98.0,0,98118.0
203000.0,3,2.25,1630.0,7,3.0,54.0,0,98146.0
280000.0,3,2.0,1790.0,7,4.0,24.0,0,98092.0
250000.0,5,1.75,2320.0,7,5.0,52.0,0,98001.0
120000.0,3,1.0,1260.0,6,3.0,60.0,0,98198.0
210000.0,4,1.75,1200.0,7,3.0,46.0,0,98092.0
215000.0,1,1.0,970.0,5,4.0,95.0,0,98166.0
216000.0,3,1.0,1010.0,6,3.0,89.0,0,98126.0
215000.0,3,1.0,970.0,7,4.0,44.0,0,98031.0
265000.0,3,1.0,1122.0,5,3.0,115.0,0,98118.0
248000.0,2,1.0,770.0,4,4.0,101.0,0,98027.0
270000.0,4,2.5,2490.0,7,3.0,24.0,0,98148.0
220000.0,2,1.0,840.0,6,5.0,64.0,0,98168.0
210000.0,2,1.0,1100.0,6,4.0,115.0,0,98108.0
210000.0,3,1.0,1520.0,6,3.0,63.0,0,98168.0
239000.0,4,2.0,1370.0,7,3.0,59.0,0,98188.0
215000.0,4,2.25,1500.0,7,3.0,15.0,0,98001.0
210000.0,3,1.75,1400.0,6,3.0,66.0,0,98178.0
265000.0,3,1.0,1000.0,7,3.0,45.0,0,98059.0
235500.0,5,2.5,2340.0,8,2.0,47.0,0,98003.0
122000.0,2,1.0,730.0,6,3.0,62.0,0,98148.0
276000.0,4,2.25,2460.0,8,4.0,55.0,0,98002.0
210000.0,2,1.0,990.0,6,1.0,105.0,0,98116.0
279000.0,3,2.5,1450.0,7,3.0,3.0,0,98038.0
218000.0,3,1.0,1140.0,6,4.0,56.0,0,98058.0
155000.0,1,1.0,720.0,6,3.0,74.0,0,98108.0
202000.0,1,1.0,590.0,7,4.0,88.0,0,98122.0
241250.0,3,1.75,1350.0,7,3.0,21.0,0,98010.0
291000.0,3,1.0,1280.0,5,4.0,73.0,0,98024.0
210000.0,2,1.75,1000.0,8,4.0,39.0,0,98198.0
247500.0,4,1.75,2290.0,6,3.0,78.0,1,98146.0
282500.0,3,2.25,1670.0,7,4.0,24.0,0,98042.0
295000.0,3,1.75,1770.0,7,3.0,54.0,0,98148.0
235000.0,2,1.0,820.0,6,4.0,60.0,0,98056.0
290000.0,3,2.0,1810.0,7,3.0,45.0,0,98045.0
276000.0,3,1.5,1820.0,7,4.0,56.0,0,98198.0
269900.0,3,1.5,1420.0,7,5.0,57.0,0,98042.0
267000.0,3,2.0,1390.0,8,3.0,9.0,0,98022.0
227064.0,3,1.5,1570.0,7,3.0,107.0,0,98118.0
245000.0,3,1.75,1670.0,8,3.0,23.0,0,98022.0
299950.0,3,1.0,1030.0,7,4.0,43.0,0,98034.0
228950.0,3,1.0,1120.0,6,3.0,73.0,0,98168.0
212500.0,3,1.0,920.0,7,4.0,37.0,0,98001.0
244000.0,3,1.75,1460.0,7,3.0,27.0,0,98055.0
300000.0,3,2.0,1310.0,7,3.0,52.0,0,98034.0
252000.0,3,2.25,1570.0,7,3.0,23.0,0,98022.0
280000.0,3,2.0,1780.0,7,3.0,50.0,0,98148.0
246700.0,3,2.0,1610.0,7,4.0,47.0,0,98042.0
220000.0,3,1.5,1070.0,6,3.0,58.0,0,98155.0
262500.0,3,1.5,1160.0,7,3.0,52.0,0,98118.0
135000.0,1,1.0,790.0,6,3.0,72.0,0,98168.0
265000.0,3,2.0,1340.0,7,4.0,28.0,0,98030.0
280000.0,3,2.5,1800.0,8,3.0,27.0,0,98023.0
125000.0,3,1.0,920.0,6,4.0,53.0,0,98002.0
269950.0,4,1.0,1440.0,7,2.0,51.0,0,98001.0
198500.0,3,1.75,1520.0,5,3.0,82.0,0,98168.0
282000.0,2,1.0,1150.0,7,3.0,67.0,0,98125.0
235000.0,4,1.75,1720.0,7,3.0,59.0,0,98188.0
277500.0,3,2.0,1260.0,7,4.0,33.0,0,98023.0
245000.0,3,2.5,1820.0,7,3.0,20.0,0,98092.0
292000.0,3,1.75,1090.0,8,5.0,86.0,0,98118.0
260000.0,4,1.75,1960.0,8,4.0,48.0,0,98023.0
290000.0,3,2.25,1500.0,7,4.0,46.0,0,98055.0
260600.0,2,1.0,810.0,7,3.0,86.0,0,98126.0
222000.0,3,1.75,1240.0,8,3.0,47.0,0,98003.0
245000.0,3,2.0,1390.0,7,3.0,27.0,0,98042.0
215000.0,3,1.0,1060.0,7,4.0,54.0,0,98032.0
240000.0,3,1.0,1230.0,6,4.0,90.0,0,98106.0
232000.0,2,1.0,1200.0,6,4.0,56.0,0,98198.0
245000.0,4,1.5,2010.0,7,4.0,93.0,0,98002.0
273000.0,3,2.25,1930.0,7,3.0,31.0,0,98003.0
235000.0,3,1.0,1310.0,7,3.0,81.0,1,98168.0
300000.0,3,1.0,1220.0,7,4.0,59.0,0,98133.0
150000.0,3,0.75,490.0,5,4.0,55.0,0,98014.0
255000.0,3,2.0,930.0,7,3.0,36.0,0,98045.0
270000.0,5,2.5,2630.0,8,4.0,46.0,0,98002.0
291500.0,3,1.0,880.0,6,5.0,68.0,0,98155.0
285000.0,3,1.75,1600.0,7,3.0,17.0,0,98002.0
271500.0,3,1.75,1995.0,7,3.0,57.0,0,98198.0
268000.0,3,2.75,1880.0,7,3.0,13.0,0,98108.0
170000.0,3,0.75,1040.0,6,2.0,67.0,0,98055.0
271900.0,3,2.0,1450.0,7,4.0,24.0,0,98022.0
261500.0,4,2.5,2460.0,8,3.0,37.0,0,98023.0
210000.0,3,1.0,1000.0,7,3.0,60.0,0,98133.0
260000.0,4,1.5,2130.0,7,3.0,52.0,0,98032.0
300000.0,4,1.0,1370.0,7,3.0,65.0,0,98155.0
235000.0,3,1.75,1370.0,8,4.0,37.0,0,98092.0
199500.0,3,1.75,1690.0,7,3.0,29.0,0,98030.0
260000.0,3,2.5,1490.0,7,4.0,24.0,0,98042.0
242150.0,4,1.75,1490.0,7,4.0,45.0,0,98031.0
220000.0,3,1.75,1230.0,7,3.0,28.0,0,98023.0
235000.0,3,2.0,1900.0,7,4.0,38.0,0,98023.0
178000.0,3,1.0,1100.0,7,4.0,59.0,0,98030.0
215000.0,3,1.0,1610.0,7,3.0,39.0,0,98031.0
300000.0,3,2.75,1910.0,8,3.0,31.0,0,98023.0
183000.0,3,1.5,1280.0,6,4.0,29.0,0,98002.0
192950.0,3,1.0,1170.0,6,4.0,45.0,0,98092.0
156000.0,2,1.0,920.0,6,4.0,65.0,0,98002.0
219000.0,3,1.0,1250.0,6,5.0,76.0,0,98022.0
248000.0,5,1.75,2190.0,8,3.0,37.0,0,98030.0
167000.0,3,2.0,1520.0,7,3.0,65.0,0,98166.0
250000.0,3,1.0,1060.0,7,3.0,54.0,0,98030.0
289500.0,3,2.25,2120.0,7,3.0,13.0,0,98092.0
227000.0,2,1.0,860.0,6,3.0,71.0,0,98133.0
290000.0,2,1.0,1120.0,6,3.0,38.0,0,98019.0
281000.0,3,1.0,1340.0,5,4.0,69.0,0,98032.0
242000.0,3,1.0,970.0,7,3.0,42.0,0,98045.0
230000.0,3,1.75,1340.0,7,3.0,29.0,0,98042.0
240415.0,3,1.75,1120.0,7,3.0,47.0,0,98198.0
259950.0,2,2.0,1070.0,9,3.0,7.0,0,98106.0
160134.0,3,1.5,1190.0,7,3.0,46.0,0,98042.0
191000.0,3,1.0,990.0,7,3.0,61.0,0,98148.0
221000.0,3,1.0,1250.0,7,3.0,50.0,0,98001.0
167500.0,3,1.0,760.0,5,2.0,111.0,0,98118.0
240000.0,3,1.75,1780.0,6,3.0,58.0,0,98146.0
249950.0,4,1.75,1620.0,7,3.0,47.0,0,98030.0
235000.0,3,1.5,1980.0,7,3.0,55.0,0,98168.0
270000.0,4,2.5,1810.0,7,3.0,20.0,0,98042.0
299950.0,3,1.0,1410.0,7,3.0,65.0,1,98058.0
247000.0,3,2.25,1640.0,8,4.0,46.0,0,98032.0
275000.0,3,2.5,3020.0,7,3.0,11.0,0,98092.0
285000.0,4,1.75,1870.0,7,3.0,56.0,0,98042.0
249950.0,3,1.5,1090.0,7,5.0,48.0,0,98058.0
225000.0,4,2.5,1700.0,8,3.0,20.0,0,98030.0
263500.0,3,1.75,1540.0,6,4.0,63.0,0,98118.0
284000.0,4,3.0,2040.0,8,3.0,21.0,0,98092.0
197500.0,3,1.0,980.0,6,3.0,111.0,0,98118.0
294000.0,3,1.0,1250.0,6,3.0,84.0,0,98034.0
150000.0,3,1.0,1320.0,7,3.0,35.0,0,98168.0
295500.0,4,2.5,2830.0,8,3.0,32.0,0,98023.0
300000.0,4,2.5,2200.0,7,3.0,16.0,0,98031.0
285000.0,3,1.5,1490.0,7,3.0,58.0,0,98146.0
260000.0,3,1.0,1200.0,7,4.0,61.0,0,98106.0
275000.0,4,2.5,2180.0,8,4.0,36.0,0,98023.0
274000.0,3,1.75,1590.0,7,4.0,31.0,0,98038.0
239900.0,4,1.75,1480.0,7,3.0,55.0,0,98030.0
263400.0,4,2.0,1360.0,6,3.0,54.0,0,98001.0
265000.0,3,1.0,1360.0,6,3.0,61.0,0,98178.0
297000.0,2,1.75,1280.0,7,4.0,18.0,0,98022.0
195000.0,2,1.0,720.0,6,3.0,64.0,0,98178.0
300000.0,4,1.0,1730.0,5,3.0,66.0,0,98065.0
221000.0,3,1.0,1240.0,6,4.0,111.0,0,98055.0
197500.0,3,1.0,1330.0,7,5.0,109.0,0,98022.0
280000.0,3,3.0,1390.0,7,3.0,9.0,0,98118.0
250000.0,5,1.5,2520.0,7,4.0,86.0,0,98022.0
245000.0,5,1.75,2020.0,7,3.0,52.0,0,98168.0
290000.0,3,1.75,2060.0,7,3.0,27.0,0,98030.0
160000.0,2,1.0,930.0,6,3.0,82.0,0,98168.0
185000.0,2,1.0,670.0,5,4.0,68.0,0,98188.0
100000.0,2,1.0,930.0,6,2.0,72.0,0,98166.0
203000.0,3,1.0,1150.0,6,4.0,61.0,0,98168.0
140000.0,3,1.0,1240.0,6,4.0,61.0,0,98198.0
238000.0,4,1.75,1650.0,7,3.0,36.0,1,98002.0
259950.0,4,1.75,1400.0,7,3.0,52.0,0,98058.0
268000.0,3,2.5,1850.0,7,3.0,28.0,0,98023.0
263000.0,3,1.0,1250.0,6,3.0,56.0,0,98058.0
293000.0,4,2.5,2019.0,8,3.0,7.0,0,98022.0
245000.0,3,2.0,1490.0,7,3.0,25.0,0,98002.0
181000.0,2,1.5,1560.0,7,2.0,65.0,0,98070.0
240000.0,3,1.0,1030.0,7,4.0,53.0,0,98056.0
285000.0,3,2.0,1460.0,7,3.0,19.0,0,98038.0
291700.0,3,2.5,1970.0,6,3.0,88.0,0,98106.0
270000.0,3,1.5,1430.0,6,4.0,61.0,0,98166.0
208000.0,2,1.0,700.0,5,4.0,62.0,0,98056.0
295000.0,4,1.75,1400.0,7,3.0,54.0,0,98028.0
280000.0,3,1.0,1020.0,7,4.0,58.0,0,98056.0
289950.0,3,2.5,1760.0,7,5.0,77.0,0,98148.0
125000.0,1,1.0,500.0,5,1.0,86.0,0,98106.0
238000.0,3,1.0,1470.0,7,3.0,56.0,0,98042.0
296000.0,4,1.5,1370.0,7,3.0,61.0,0,98168.0
205000.0,2,1.0,900.0,6,3.0,96.0,0,98055.0
173250.0,3,1.0,990.0,7,3.0,78.0,0,98168.0
267500.0,2,1.0,1747.0,6,4.0,66.0,0,98001.0
299800.0,4,2.5,2410.0,8,3.0,13.0,0,98092.0
300000.0,4,2.5,2890.0,8,3.0,21.0,0,98023.0
266000.0,3,1.5,1120.0,7,4.0,57.0,0,98056.0
248500.0,4,1.75,1720.0,7,5.0,54.0,0,98042.0
233500.0,3,2.25,1650.0,7,3.0,29.0,0,98031.0
287000.0,3,2.5,1710.0,7,3.0,29.0,0,98030.0
190000.0,3,1.0,1180.0,7,3.0,49.0,0,98002.0
260000.0,2,1.0,750.0,6,3.0,98.0,0,98108.0
280000.0,3,1.0,1160.0,7,2.0,32.0,0,98074.0
220000.0,3,1.0,1050.0,6,3.0,72.0,0,98146.0
219000.0,3,1.5,1740.0,7,4.0,38.0,0,98042.0
154000.0,2,1.0,1040.0,6,3.0,65.0,1,98014.0
196900.0,3,1.0,1270.0,6,3.0,61.0,0,98198.0
205500.0,3,2.0,1330.0,7,3.0,29.0,0,98003.0
275000.0,4,2.5,2120.0,7,3.0,17.0,0,98030.0
248500.0,3,1.75,2090.0,7,4.0,66.0,0,98002.0
260000.0,5,2.5,2580.0,7,3.0,50.0,0,98198.0
220000.0,4,2.0,1400.0,7,3.0,46.0,0,98155.0
259000.0,3,2.0,1390.0,7,3.0,27.0,0,98030.0
227500.0,3,1.0,1540.0,7,4.0,55.0,0,98198.0
274000.0,4,2.25,2090.0,9,3.0,41.0,0,98023.0
224975.0,3,1.0,960.0,6,4.0,38.0,0,98038.0
225000.0,5,1.5,1790.0,7,3.0,52.0,0,98198.0
255000.0,2,1.0,940.0,6,3.0,73.0,0,98118.0
285000.0,3,1.0,1440.0,7,3.0,61.0,0,98108.0
195000.0,3,1.75,1070.0,7,4.0,47.0,0,98002.0
215000.0,3,1.0,1260.0,7,3.0,35.0,0,98022.0
285000.0,1,1.5,810.0,7,4.0,32.0,0,98033.0
219000.0,3,1.0,970.0,6,3.0,47.0,0,98003.0
233000.0,3,2.0,1350.0,7,3.0,25.0,0,98038.0
248000.0,3,1.75,1840.0,8,4.0,43.0,0,98003.0
224000.0,3,1.5,1560.0,7,4.0,50.0,0,98001.0
210000.0,2,1.0,1040.0,7,3.0,60.0,0,98146.0
261000.0,4,1.75,1820.0,7,5.0,47.0,0,98042.0
199950.0,3,1.75,1550.0,7,4.0,65.0,0,98002.0
285000.0,3,1.75,1160.0,7,4.0,22.0,0,98022.0
147500.0,3,1.5,1230.0,7,3.0,55.0,0,98198.0
220000.0,4,2.25,1950.0,8,4.0,35.0,0,98023.0
175000.0,2,1.0,1160.0,7,3.0,68.0,0,98125.0
268000.0,3,1.75,1370.0,7,4.0,48.0,0,98023.0
228000.0,0,1.0,390.0,4,2.0,61.0,0,98118.0
275000.0,3,1.75,1300.0,7,3.0,52.0,0,98024.0
215000.0,4,2.0,1540.0,7,4.0,36.0,0,98032.0
265000.0,3,1.75,1680.0,8,3.0,26.0,0,98058.0
285000.0,4,2.25,1960.0,8,4.0,29.0,0,98023.0
240000.0,3,1.75,1590.0,7,3.0,35.0,0,98038.0
261000.0,4,1.0,1390.0,7,3.0,56.0,0,98003.0
250000.0,4,2.0,1850.0,7,4.0,36.0,0,98032.0
275000.0,3,2.0,1910.0,7,4.0,34.0,0,98030.0
255000.0,1,1.0,810.0,7,3.0,79.0,0,98106.0
245000.0,2,1.0,990.0,6,3.0,107.0,0,98118.0
259950.0,3,1.5,1240.0,7,4.0,59.0,0,98166.0
240000.0,4,2.5,1980.0,7,3.0,18.0,0,98038.0
186000.0,3,1.0,1200.0,7,4.0,46.0,0,98042.0
298700.0,3,2.25,2110.0,8,3.0,34.0,0,98023.0
278000.0,3,1.5,1900.0,7,3.0,55.0,0,98168.0
245000.0,3,1.0,1010.0,7,5.0,59.0,0,98188.0
220650.0,2,1.75,1460.0,7,3.0,35.0,0,98045.0
300000.0,5,3.0,1940.0,8,3.0,7.0,0,98168.0
268000.0,4,1.5,1730.0,5,4.0,62.0,0,98056.0
266500.0,4,1.75,1880.0,7,4.0,36.0,0,98023.0
225000.0,3,1.0,900.0,6,3.0,70.0,0,98168.0
278000.0,4,2.0,1480.0,7,3.0,71.0,0,98122.0
214100.0,2,2.5,1150.0,7,3.0,10.0,0,98001.0
239000.0,3,1.75,1470.0,7,4.0,57.0,0,98022.0
210000.0,3,1.0,1660.0,7,3.0,58.0,0,98106.0
147200.0,3,1.0,1420.0,6,4.0,61.0,0,98188.0
233500.0,3,1.5,1580.0,6,4.0,57.0,0,98002.0
279000.0,2,1.0,670.0,6,5.0,72.0,0,98126.0
226550.0,3,1.0,990.0,6,3.0,71.0,0,98106.0
219950.0,3,1.0,1300.0,7,3.0,44.0,0,98003.0
285000.0,3,1.5,1780.0,8,4.0,58.0,0,98003.0
266000.0,4,2.25,1995.0,8,4.0,33.0,0,98023.0
235000.0,3,2.25,1670.0,7,3.0,25.0,0,98022.0
280000.0,3,2.0,1470.0,7,3.0,27.0,0,98198.0
195000.0,3,1.0,1070.0,7,4.0,45.0,0,98023.0
235000.0,3,1.5,1660.0,7,4.0,55.0,0,98002.0
249000.0,4,1.0,1200.0,6,3.0,95.0,0,98126.0
269950.0,3,2.25,1510.0,7,4.0,22.0,0,98038.0
250000.0,4,1.0,1550.0,6,3.0,58.0,0,98106.0
250000.0,3,2.0,1430.0,7,3.0,34.0,0,98030.0
300000.0,4,2.5,1910.0,8,3.0,22.0,0,98031.0
240000.0,3,1.75,1570.0,7,3.0,54.0,0,98148.0
232000.0,2,1.0,960.0,6,3.0,78.0,0,98168.0
267000.0,3,1.0,1400.0,6,3.0,70.0,0,98125.0
237000.0,3,2.0,1710.0,8,3.0,46.0,0,98003.0
235000.0,2,1.0,1500.0,6,3.0,67.0,0,98146.0
215000.0,3,1.0,1150.0,6,4.0,56.0,0,98058.0
210000.0,4,1.5,1920.0,7,3.0,55.0,0,98023.0
245000.0,3,1.75,1720.0,7,4.0,33.0,0,98092.0
299000.0,4,2.5,2400.0,8,3.0,14.0,0,98001.0
198000.0,4,1.75,2080.0,7,4.0,48.0,0,98001.0
300000.0,4,1.75,2200.0,8,3.0,37.0,0,98092.0
255000.0,3,1.75,1340.0,7,4.0,40.0,0,98031.0
220000.0,1,1.5,1100.0,8,4.0,37.0,0,98198.0
250000.0,4,2.75,1910.0,7,4.0,34.0,0,98030.0
235000.0,3,1.0,1050.0,7,5.0,60.0,0,98022.0
169000.0,3,1.0,910.0,7,3.0,45.0,0,98001.0
270000.0,4,1.0,1900.0,7,3.0,58.0,0,98055.0
300000.0,6,2.5,2590.0,8,4.0,37.0,0,98055.0
240000.0,3,1.75,1100.0,7,4.0,47.0,0,98092.0
169000.0,3,1.0,890.0,6,3.0,57.0,0,98178.0
200500.0,3,2.0,1280.0,7,3.0,52.0,0,98031.0
290256.0,3,2.25,1720.0,8,3.0,31.0,0,98023.0
279950.0,3,1.75,1530.0,7,4.0,48.0,0,98058.0
195000.0,3,1.75,1580.0,7,3.0,35.0,0,98022.0
220000.0,3,1.75,1900.0,7,3.0,55.0,0,98178.0
243500.0,2,1.0,900.0,6,3.0,67.0,0,98118.0
190000.0,2,1.0,670.0,6,4.0,67.0,0,98118.0
285900.0,5,1.5,1690.0,7,4.0,54.0,0,98032.0
195000.0,3,1.0,1310.0,7,3.0,53.0,0,98001.0
250000.0,3,2.0,1170.0,7,3.0,30.0,0,98001.0
278500.0,3,1.75,1390.0,8,4.0,30.0,0,98022.0
260000.0,4,1.5,1540.0,7,3.0,42.0,0,98001.0
162500.0,2,1.0,760.0,6,2.0,94.0,0,98118.0
239000.0,4,1.0,1280.0,6,3.0,64.0,0,98168.0
299000.0,3,1.0,1520.0,6,3.0,61.0,0,98133.0
227450.0,2,1.0,660.0,5,4.0,63.0,0,98056.0
199999.0,3,1.0,960.0,5,5.0,114.0,0,98010.0
292600.0,3,1.5,1520.0,7,4.0,55.0,0,98056.0
260000.0,2,1.0,770.0,6,4.0,66.0,0,98155.0
205000.0,3,1.0,1050.0,7,3.0,56.0,0,98031.0
294000.0,5,2.75,1790.0,7,4.0,99.0,0,98106.0
199990.0,3,1.0,840.0,6,3.0,46.0,1,98042.0
220000.0,3,1.75,1650.0,7,3.0,55.0,0,98188.0
215000.0,3,1.75,1280.0,7,4.0,39.0,0,98003.0
250000.0,5,1.75,2190.0,7,3.0,52.0,0,98055.0
288000.0,3,2.5,1370.0,7,3.0,21.0,0,98042.0
226450.0,3,1.75,1730.0,6,4.0,70.0,0,98032.0
210000.0,4,1.0,1200.0,5,3.0,46.0,0,98042.0
241500.0,4,2.5,2500.0,8,3.0,35.0,0,98023.0
279000.0,4,1.0,1210.0,7,3.0,71.0,0,98178.0
249000.0,3,1.75,2120.0,7,3.0,53.0,0,98188.0
294950.0,3,1.0,1240.0,6,3.0,62.0,0,98125.0
243400.0,4,1.5,1730.0,7,4.0,55.0,0,98032.0
99000.0,2,1.0,960.0,6,2.0,67.0,0,98058.0
150000.0,2,1.0,720.0,5,5.0,99.0,0,98002.0
194990.0,6,2.5,1560.0,6,3.0,101.0,0,98118.0
210000.0,3,2.25,1720.0,7,4.0,37.0,0,98023.0
285000.0,3,1.5,1480.0,7,3.0,55.0,0,98028.0
279000.0,3,1.5,1780.0,7,2.0,54.0,0,98198.0
195000.0,3,1.5,1430.0,6,5.0,57.0,0,98058.0
270000.0,3,1.75,1800.0,8,3.0,36.0,0,98011.0
279000.0,3,1.0,1320.0,7,3.0,101.0,0,98108.0
300000.0,3,2.5,1800.0,7,3.0,13.0,0,98108.0
263000.0,3,1.75,1580.0,8,3.0,21.0,0,98038.0
220000.0,3,1.0,1060.0,7,5.0,58.0,0,98022.0
285000.0,2,1.0,920.0,6,4.0,114.0,0,98108.0
231000.0,3,2.5,1370.0,7,3.0,20.0,0,98032.0
179000.0,3,1.0,920.0,6,4.0,45.0,0,98042.0
244000.0,3,1.5,1360.0,7,3.0,52.0,0,98030.0
185850.0,3,1.5,1630.0,7,3.0,72.0,1,98188.0
214000.0,3,2.0,1580.0,6,4.0,73.0,0,98146.0
299800.0,4,1.5,1530.0,6,4.0,38.0,0,98014.0
200000.0,3,1.0,1010.0,7,3.0,59.0,0,98155.0
295000.0,2,1.75,2200.0,7,3.0,41.0,0,98027.0
250000.0,4,3.0,2250.0,8,3.0,29.0,0,98198.0
158000.0,3,2.0,1090.0,7,3.0,75.0,0,98118.0
294700.0,3,2.0,1970.0,7,4.0,47.0,0,98003.0
215000.0,4,2.0,1470.0,8,4.0,48.0,0,98032.0
290000.0,2,1.0,1620.0,6,3.0,89.0,0,98125.0
215000.0,3,1.5,1280.0,6,4.0,31.0,0,98002.0
232000.0,3,1.0,840.0,6,3.0,45.0,1,98042.0
290000.0,3,1.5,1310.0,7,3.0,49.0,0,98034.0
250000.0,3,1.0,990.0,7,4.0,54.0,0,98198.0
270000.0,4,1.75,1560.0,7,3.0,21.0,0,98108.0
300000.0,2,1.75,2120.0,6,4.0,90.0,0,98103.0
290000.0,2,1.0,1200.0,6,3.0,66.0,0,98155.0
259950.0,3,1.0,1460.0,5,5.0,73.0,0,98056.0
299950.0,3,1.0,1580.0,7,5.0,60.0,0,98056.0
264000.0,4,1.75,1820.0,7,4.0,34.0,0,98031.0
257500.0,4,2.0,2060.0,7,3.0,38.0,0,98002.0
280000.0,3,1.0,1260.0,6,3.0,67.0,0,98133.0
258000.0,3,2.0,1680.0,6,3.0,66.0,0,98198.0
111300.0,2,1.0,1060.0,5,4.0,107.0,0,98002.0
130000.0,2,1.0,790.0,7,3.0,64.0,0,98198.0
255000.0,3,1.5,1420.0,7,4.0,52.0,0,98058.0
268000.0,3,1.75,1250.0,7,4.0,27.0,0,98055.0
280000.0,3,1.0,1350.0,6,3.0,101.0,0,98118.0
200000.0,4,2.75,2210.0,8,3.0,27.0,0,98003.0
230000.0,5,2.0,1930.0,6,3.0,73.0,1,98146.0
140000.0,3,1.0,1000.0,7,3.0,60.0,0,98003.0
285000.0,3,1.0,1160.0,7,3.0,61.0,0,98125.0
289000.0,3,2.5,1490.0,7,3.0,21.0,0,98038.0
230000.0,3,1.75,1450.0,8,4.0,36.0,0,98023.0
288000.0,3,1.75,1660.0,7,3.0,36.0,0,98045.0
119500.0,3,1.0,1170.0,6,2.0,34.0,0,98019.0
260000.0,3,1.75,2170.0,7,4.0,36.0,0,98001.0
250000.0,2,1.5,1160.0,7,3.0,8.0,0,98155.0
260000.0,3,2.0,1030.0,6,3.0,67.0,0,98146.0
227000.0,3,1.0,1280.0,6,5.0,98.0,1,98022.0
280500.0,4,2.75,2660.0,8,3.0,29.0,0,98023.0
250000.0,3,2.5,1790.0,8,3.0,22.0,0,98031.0
266000.0,3,2.5,1940.0,7,3.0,25.0,0,98030.0
258000.0,3,2.0,1390.0,7,3.0,18.0,0,98058.0
142500.0,1,1.0,690.0,5,4.0,98.0,0,98002.0
181000.0,2,1.0,1310.0,7,3.0,73.0,0,98144.0
241500.0,3,1.0,1400.0,7,4.0,46.0,0,98003.0
245000.0,3,1.75,2350.0,7,4.0,51.0,0,98030.0
227500.0,3,1.0,1150.0,7,3.0,47.0,0,98042.0
158550.0,5,1.5,1710.0,7,4.0,53.0,0,98032.0
272000.0,3,2.5,1650.0,7,3.0,16.0,0,98014.0
275053.0,2,1.0,1060.0,6,3.0,64.0,0,98155.0
235000.0,3,1.75,1840.0,7,4.0,29.0,0,98030.0
255000.0,3,2.0,1500.0,6,3.0,72.0,0,98166.0
269000.0,4,2.5,1594.0,7,5.0,39.0,0,98002.0
270000.0,3,1.0,1130.0,7,3.0,54.0,0,98059.0
265000.0,3,2.0,1690.0,7,3.0,18.0,0,98022.0
242500.0,3,1.5,1200.0,7,4.0,49.0,0,98042.0
110000.0,2,1.0,760.0,5,3.0,84.0,0,98055.0
235000.0,2,1.0,880.0,7,5.0,59.0,0,98178.0
210000.0,3,2.75,1320.0,7,3.0,20.0,0,98030.0
100000.0,4,1.0,1120.0,5,3.0,75.0,0,98055.0
212000.0,3,1.5,1060.0,7,4.0,59.0,0,98003.0
258750.0,4,2.0,2300.0,6,4.0,52.0,0,98003.0
152000.0,3,1.0,902.0,7,3.0,49.0,0,98198.0
299500.0,4,2.25,1600.0,7,4.0,35.0,0,98045.0
286000.0,3,2.5,1680.0,8,3.0,27.0,0,98023.0
203000.0,3,1.0,920.0,7,4.0,45.0,0,98032.0
248000.0,2,1.0,700.0,6,3.0,61.0,0,98155.0
265000.0,3,2.25,2540.0,8,3.0,24.0,0,98023.0
241400.0,3,2.0,1420.0,7,4.0,25.0,0,98010.0
294010.0,3,1.75,1550.0,6,3.0,69.0,0,98106.0
259950.0,3,1.5,1350.0,7,4.0,46.0,0,98030.0
276500.0,4,1.75,1400.0,6,4.0,73.0,0,98168.0
286900.0,3,2.25,1720.0,7,4.0,40.0,0,98042.0
263000.0,3,1.75,1410.0,7,3.0,29.0,0,98038.0
289950.0,3,2.25,1740.0,7,3.0,22.0,0,98198.0
96500.0,3,1.0,840.0,6,3.0,55.0,0,98023.0
185000.0,3,1.0,840.0,6,3.0,56.0,0,98023.0
150550.0,4,1.0,1470.0,7,3.0,69.0,0,98168.0
250000.0,2,1.0,950.0,5,3.0,82.0,0,98028.0
265000.0,3,2.5,1530.0,7,4.0,23.0,0,98038.0
225000.0,3,1.5,1250.0,7,3.0,47.0,0,98030.0
267000.0,3,2.25,2510.0,8,3.0,37.0,0,98023.0
235000.0,2,1.0,910.0,6,3.0,78.0,0,98125.0
215000.0,4,2.5,2130.0,7,3.0,11.0,0,98001.0
225000.0,3,1.0,1340.0,5,4.0,112.0,0,98055.0
265000.0,4,2.0,1600.0,7,4.0,43.0,0,98022.0
270000.0,3,1.5,1540.0,7,4.0,42.0,0,98059.0
272000.0,4,2.25,1880.0,7,3.0,21.0,0,98023.0
216500.0,2,1.0,1060.0,6,3.0,46.0,0,98042.0
258000.0,3,1.75,1040.0,6,5.0,63.0,0,98178.0
153000.0,2,1.0,1140.0,6,3.0,73.0,0,98155.0
207000.0,2,1.0,1130.0,6,4.0,62.0,0,98168.0
265000.0,5,2.25,2600.0,8,4.0,45.0,0,98092.0
250000.0,3,2.25,1050.0,7,3.0,9.0,0,98106.0
280000.0,1,0.0,600.0,3,2.0,64.0,0,98045.0
278000.0,3,2.0,1230.0,7,3.0,21.0,0,98042.0
245000.0,3,2.75,1300.0,7,3.0,18.0,0,98030.0
287000.0,3,1.5,1150.0,7,3.0,43.0,0,98045.0
203000.0,3,1.75,1610.0,7,4.0,37.0,0,98092.0
254000.0,4,2.0,1510.0,7,3.0,59.0,0,98108.0
200000.0,2,1.0,700.0,5,5.0,61.0,0,98056.0
172000.0,3,1.0,970.0,6,4.0,71.0,0,98106.0
219900.0,3,1.0,910.0,6,2.0,58.0,0,98146.0
295000.0,2,1.0,750.0,6,3.0,70.0,0,98122.0
275000.0,3,1.5,1390.0,6,3.0,92.0,1,98024.0
89000.0,3,1.0,900.0,6,4.0,45.0,0,98023.0
175000.0,2,1.75,1050.0,6,4.0,39.0,0,98019.0
241000.0,3,1.0,880.0,6,3.0,70.0,0,98178.0
268500.0,2,1.5,1290.0,8,3.0,45.0,0,98008.0
200000.0,2,1.0,1010.0,6,3.0,59.0,0,98166.0
230000.0,3,1.0,680.0,6,4.0,111.0,0,98144.0
295000.0,4,2.5,2350.0,7,3.0,21.0,0,98031.0
234900.0,3,1.0,1250.0,7,3.0,59.0,0,98146.0
209900.0,3,1.0,1030.0,5,3.0,102.0,0,98042.0
230000.0,4,1.5,1520.0,7,4.0,54.0,0,98002.0
250000.0,3,2.25,1920.0,8,3.0,49.0,0,98148.0
170000.0,2,1.0,860.0,6,3.0,91.0,0,98146.0
230000.0,3,1.0,1140.0,7,4.0,48.0,0,98001.0
235000.0,3,1.0,1330.0,6,2.0,47.0,0,98058.0
212500.0,3,1.5,1270.0,6,4.0,60.0,0,98198.0
261000.0,3,1.0,1780.0,7,3.0,57.0,0,98178.0
268643.0,4,2.25,1810.0,7,3.0,54.0,0,98055.0
199000.0,3,1.75,1050.0,7,5.0,46.0,0,98042.0
225000.0,3,1.0,1010.0,7,4.0,66.0,0,98188.0
204995.0,2,1.0,970.0,6,5.0,110.0,0,98031.0
285000.0,4,2.5,1870.0,7,3.0,38.0,0,98058.0
285000.0,4,2.5,2200.0,8,3.0,27.0,0,98001.0
255000.0,3,1.5,910.0,5,3.0,71.0,0,98188.0
253000.0,3,1.75,2040.0,7,3.0,52.0,0,98188.0
215000.0,4,2.5,1700.0,7,3.0,17.0,0,98038.0
295000.0,2,1.0,800.0,6,4.0,61.0,0,98133.0
205000.0,3,1.75,1290.0,7,3.0,30.0,0,98023.0
275000.0,3,1.5,1900.0,7,4.0,46.0,0,98031.0
194000.0,3,1.75,1260.0,7,2.0,62.0,0,98106.0
241000.0,2,2.0,1470.0,6,3.0,9.0,0,98038.0
286000.0,2,1.0,610.0,6,4.0,96.0,0,98136.0
255000.0,2,1.0,920.0,5,4.0,91.0,0,98024.0
152000.0,3,1.75,1070.0,6,3.0,62.0,0,98146.0
300000.0,3,1.0,970.0,7,3.0,32.0,0,98028.0
252000.0,3,2.5,1680.0,7,3.0,25.0,0,98038.0
176000.0,2,1.0,920.0,8,4.0,34.0,0,98198.0
249900.0,2,1.0,1140.0,6,3.0,67.0,0,98106.0
294000.0,4,2.5,2040.0,7,3.0,11.0,0,98168.0
272000.0,4,2.0,1780.0,7,3.0,52.0,0,98058.0
263500.0,2,1.0,750.0,6,3.0,72.0,0,98106.0
300000.0,3,1.0,1490.0,7,3.0,61.0,0,98125.0
282510.0,4,1.0,1450.0,6,4.0,83.0,0,98030.0
230000.0,2,2.0,1260.0,7,3.0,31.0,0,98003.0
245000.0,4,2.0,1830.0,7,3.0,57.0,0,98146.0
295000.0,3,1.75,1930.0,8,3.0,48.0,0,98023.0
150000.0,3,1.0,820.0,6,3.0,104.0,0,98106.0
270000.0,3,1.0,1480.0,6,3.0,61.0,0,98133.0
248000.0,3,1.0,950.0,7,4.0,60.0,0,98006.0
199000.0,4,1.0,1280.0,7,3.0,55.0,0,98198.0
240000.0,2,1.0,870.0,7,3.0,54.0,0,98188.0
228000.0,3,1.0,1000.0,7,3.0,55.0,0,98059.0
175000.0,2,1.0,670.0,5,3.0,95.0,0,98126.0
237000.0,3,1.75,2000.0,7,3.0,35.0,0,98032.0
270000.0,2,1.5,840.0,7,3.0,9.0,0,98115.0
150000.0,3,1.0,890.0,5,3.0,87.0,0,98014.0
229900.0,3,1.0,1010.0,7,4.0,46.0,0,98003.0
239000.0,4,1.75,1500.0,7,4.0,37.0,0,98002.0
154950.0,4,1.0,1600.0,6,4.0,48.0,0,98002.0
247200.0,3,1.75,1370.0,7,3.0,32.0,0,98042.0
250000.0,3,2.25,1960.0,7,3.0,30.0,0,98023.0
277500.0,3,2.25,1820.0,7,4.0,50.0,0,98001.0
289200.0,3,2.25,1760.0,7,3.0,19.0,0,98019.0
185000.0,1,1.0,720.0,6,4.0,106.0,0,98118.0
259000.0,2,1.0,1210.0,5,4.0,66.0,0,98059.0
260000.0,3,2.0,1630.0,7,3.0,11.0,0,98001.0
273000.0,2,2.0,1384.0,7,3.0,25.0,0,98028.0
290000.0,4,1.0,1010.0,6,3.0,68.0,0,98155.0
226000.0,3,1.75,1490.0,6,4.0,71.0,0,98056.0
300000.0,2,1.0,820.0,6,4.0,98.0,0,98133.0
239975.0,3,2.5,1820.0,7,3.0,56.0,0,98188.0
300000.0,3,2.25,1780.0,8,3.0,47.0,0,98058.0
216600.0,3,1.75,2200.0,7,3.0,40.0,0,98031.0
287000.0,3,2.25,1490.0,7,4.0,27.0,0,98019.0
197000.0,3,1.0,1090.0,7,4.0,52.0,0,98002.0
289950.0,4,1.75,2090.0,7,4.0,44.0,0,98031.0
300000.0,3,1.75,1810.0,7,4.0,37.0,0,98058.0
287000.0,2,1.0,930.0,7,3.0,62.0,0,98178.0
219000.0,2,1.0,1050.0,7,4.0,30.0,0,98003.0
275000.0,2,1.0,840.0,6,3.0,73.0,0,98108.0
287000.0,4,2.0,1340.0,7,4.0,73.0,0,98146.0
277000.0,4,1.0,1500.0,6,3.0,90.0,0,98055.0
299950.0,2,1.0,890.0,6,4.0,74.0,0,98126.0
219950.0,3,1.0,1210.0,6,3.0,60.0,0,98198.0
215000.0,3,2.0,1280.0,7,3.0,24.0,0,98038.0
253000.0,4,2.0,1910.0,7,4.0,41.0,0,98003.0
292000.0,3,2.25,1780.0,8,3.0,34.0,0,98059.0
289950.0,3,2.0,1670.0,8,3.0,22.0,0,98030.0
257500.0,4,1.5,1360.0,7,4.0,46.0,0,98023.0
269500.0,3,1.75,1840.0,7,4.0,38.0,0,98031.0
275000.0,5,2.25,1820.0,7,4.0,36.0,0,98031.0
300000.0,2,1.0,1290.0,7,3.0,7.0,0,98053.0
200000.0,3,2.0,1170.0,7,4.0,58.0,0,98198.0
280000.0,2,1.0,880.0,6,3.0,75.0,0,98126.0
271950.0,3,1.5,1220.0,7,4.0,53.0,0,98006.0
280000.0,2,1.75,1960.0,7,3.0,57.0,0,98031.0
175000.0,3,1.0,1280.0,6,4.0,56.0,0,98058.0
300000.0,3,2.25,1660.0,7,3.0,13.0,0,98019.0
273000.0,3,2.5,1650.0,7,4.0,25.0,0,98030.0
248000.0,3,1.0,1260.0,6,4.0,61.0,0,98198.0
241000.0,3,1.0,1150.0,6,3.0,63.0,0,98178.0
270000.0,2,1.0,1040.0,6,3.0,92.0,0,98118.0
275000.0,4,2.75,2060.0,7,3.0,36.0,0,98001.0
277000.0,3,2.25,1610.0,7,4.0,46.0,0,98032.0
236000.0,3,1.75,1090.0,7,3.0,21.0,0,98003.0
265953.0,3,1.75,1470.0,7,4.0,40.0,0,98092.0
248000.0,3,1.0,1180.0,7,4.0,47.0,0,98031.0
239950.0,3,2.25,1560.0,7,4.0,35.0,0,98001.0
250000.0,4,2.0,2130.0,7,3.0,53.0,0,98031.0
295000.0,5,3.5,2100.0,7,3.0,15.0,0,98178.0
289000.0,3,1.5,1970.0,6,4.0,46.0,0,98058.0
212700.0,2,1.0,940.0,7,3.0,88.0,0,98126.0
240000.0,3,1.5,1290.0,7,3.0,57.0,0,98168.0
287000.0,5,1.5,1730.0,7,3.0,52.0,0,98058.0
260000.0,3,2.5,1600.0,7,3.0,10.0,0,98056.0
260000.0,2,1.0,700.0,7,3.0,92.0,0,98122.0
270000.0,3,2.0,1350.0,6,5.0,71.0,0,98056.0
215000.0,4,1.75,1610.0,7,5.0,45.0,0,98042.0
299900.0,2,1.0,810.0,7,3.0,65.0,0,98133.0
239950.0,3,1.0,1900.0,5,4.0,72.0,0,98001.0
250000.0,2,1.5,1088.0,7,3.0,31.0,0,98034.0
264950.0,3,1.5,1400.0,7,4.0,50.0,0,98055.0
263300.0,2,1.0,900.0,7,3.0,64.0,0,98118.0
215000.0,3,1.0,860.0,6,3.0,63.0,0,98133.0
251100.0,4,2.5,1790.0,7,3.0,18.0,0,98030.0
280000.0,2,1.0,2280.0,7,3.0,82.0,0,98136.0
170000.0,2,1.0,870.0,6,3.0,66.0,0,98168.0
178000.0,3,1.0,840.0,6,5.0,45.0,0,98042.0
144000.0,3,1.0,1250.0,6,3.0,57.0,0,98058.0
258000.0,2,1.0,750.0,6,3.0,83.0,0,98024.0
225500.0,2,1.75,1590.0,7,4.0,42.0,0,98002.0
279000.0,3,1.75,1750.0,7,3.0,53.0,0,98198.0
211000.0,3,2.0,1060.0,7,3.0,28.0,0,98038.0
238950.0,2,1.0,810.0,5,3.0,76.0,0,98055.0
257950.0,3,1.75,1370.0,7,3.0,27.0,0,98198.0
245000.0,3,2.5,1610.0,7,3.0,20.0,0,98030.0
279950.0,4,2.75,2420.0,7,4.0,101.0,0,98002.0
284000.0,3,2.25,1580.0,7,4.0,26.0,0,98038.0
152000.0,3,1.0,920.0,7,4.0,36.0,0,98042.0
165000.0,3,1.0,1380.0,7,3.0,34.0,0,98055.0
278500.0,4,2.5,1940.0,7,3.0,24.0,0,98023.0
286285.0,4,2.25,1980.0,7,3.0,37.0,0,98002.0
286000.0,4,2.5,2060.0,6,3.0,22.0,0,98001.0
259000.0,4,1.5,1490.0,7,3.0,48.0,0,98198.0
188000.0,3,1.75,1660.0,8,2.0,36.0,0,98023.0
260000.0,3,1.75,1680.0,8,3.0,37.0,0,98023.0
217000.0,2,1.0,730.0,4,3.0,81.0,0,98198.0
245000.0,3,2.25,1700.0,7,3.0,35.0,0,98038.0
194900.0,2,1.0,810.0,6,4.0,91.0,0,98002.0
284000.0,4,2.5,2000.0,7,3.0,11.0,0,98042.0
280000.0,2,1.75,1894.0,6,4.0,78.0,0,98001.0
280000.0,3,1.75,2080.0,6,3.0,44.0,0,98014.0
274950.0,3,2.25,1570.0,7,3.0,25.0,0,98038.0
219950.0,3,2.25,1500.0,7,3.0,30.0,0,98023.0
250800.0,3,1.75,1290.0,6,3.0,71.0,0,98106.0
255000.0,3,2.0,1590.0,7,3.0,20.0,0,98042.0
199500.0,3,1.75,1160.0,7,4.0,37.0,0,98042.0
199950.0,3,2.75,2270.0,6,4.0,66.0,0,98022.0
254000.0,3,2.25,1660.0,7,4.0,27.0,0,98042.0
225000.0,3,2.0,1400.0,7,3.0,35.0,0,98058.0
295000.0,3,2.0,1400.0,7,3.0,36.0,0,98058.0
280000.0,3,1.0,1370.0,7,3.0,33.0,0,98045.0
260000.0,4,2.25,2320.0,9,4.0,37.0,0,98092.0
200000.0,3,2.0,1430.0,7,4.0,27.0,0,98092.0
234000.0,3,1.0,1010.0,7,5.0,46.0,0,98042.0
121800.0,2,1.0,940.0,5,3.0,67.0,0,98146.0
269000.0,1,1.0,1020.0,7,3.0,67.0,1,98106.0
252750.0,4,1.0,1230.0,7,3.0,70.0,0,98166.0
280000.0,3,2.0,1280.0,7,3.0,24.0,0,98038.0
300000.0,2,1.5,1300.0,6,3.0,70.0,0,98146.0
254000.0,5,2.0,2080.0,7,5.0,55.0,0,98001.0
260000.0,3,1.75,1710.0,7,4.0,38.0,0,98023.0
284900.0,2,1.5,1160.0,7,3.0,9.0,0,98155.0
230000.0,3,1.0,1120.0,7,3.0,49.0,0,98146.0
267500.0,3,1.75,1650.0,7,3.0,28.0,0,98030.0
290000.0,3,1.75,1280.0,7,4.0,45.0,0,98059.0
204950.0,4,1.75,1740.0,7,3.0,36.0,0,98023.0
225000.0,3,1.0,960.0,6,4.0,52.0,0,98056.0
299950.0,2,1.75,1460.0,7,3.0,31.0,0,98031.0
242550.0,4,2.5,2060.0,8,3.0,19.0,0,98023.0
204900.0,3,2.0,1390.0,7,2.0,31.0,0,98001.0
187000.0,3,1.5,1280.0,6,3.0,29.0,0,98002.0
265000.0,3,2.25,1750.0,7,4.0,46.0,0,98058.0
212000.0,3,1.75,1100.0,6,4.0,47.0,0,98023.0
176000.0,2,1.0,770.0,6,5.0,45.0,0,98042.0
168000.0,3,1.0,1200.0,6,4.0,37.0,0,98030.0
275000.0,3,1.5,1180.0,6,3.0,31.0,0,98045.0
193000.0,2,1.0,680.0,5,4.0,63.0,0,98188.0
215000.0,3,1.0,960.0,7,5.0,47.0,0,98023.0
279000.0,4,2.0,1560.0,7,4.0,48.0,0,98058.0
230000.0,3,1.0,1250.0,7,3.0,60.0,0,98146.0
253905.0,3,1.0,940.0,7,5.0,56.0,0,98056.0
295000.0,3,1.75,1500.0,6,3.0,89.0,1,98070.0
246000.0,3,1.0,1400.0,6,3.0,70.0,0,98166.0
185000.0,2,1.0,1122.0,6,4.0,55.0,0,98023.0
235000.0,2,1.5,880.0,7,3.0,15.0,0,98133.0
203000.0,2,1.0,1080.0,6,3.0,63.0,0,98168.0
275000.0,3,1.0,1200.0,7,4.0,60.0,0,98126.0
235000.0,4,1.75,1450.0,7,3.0,52.0,0,98168.0
286000.0,4,2.5,1820.0,7,5.0,25.0,0,98038.0
267000.0,3,1.75,1440.0,8,4.0,37.0,0,98030.0
244500.0,2,1.0,910.0,5,3.0,91.0,0,98065.0
265000.0,4,1.5,1580.0,7,4.0,44.0,0,98001.0
253000.0,3,1.0,1400.0,7,3.0,46.0,1,98198.0
269950.0,3,1.75,1400.0,7,4.0,25.0,0,98038.0
299950.0,3,1.0,1210.0,7,3.0,59.0,0,98106.0
275000.0,3,1.5,1510.0,7,3.0,44.0,0,98031.0
247000.0,3,2.25,1580.0,7,4.0,28.0,0,98023.0
204555.0,3,1.75,1260.0,7,4.0,32.0,0,98092.0
175000.0,3,1.75,1230.0,7,4.0,52.0,0,98001.0
286000.0,2,1.0,780.0,5,4.0,84.0,0,98045.0
277000.0,4,2.5,1850.0,8,3.0,16.0,0,98092.0
295000.0,3,1.0,1000.0,6,5.0,63.0,0,98155.0
269950.0,3,2.25,1660.0,7,3.0,18.0,0,98030.0
198000.0,3,1.0,860.0,6,4.0,47.0,0,98042.0
292000.0,3,2.5,1950.0,8,3.0,18.0,0,98038.0
217000.0,2,1.0,770.0,6,4.0,73.0,0,98168.0
235000.0,3,1.75,1900.0,6,3.0,34.0,0,98168.0
212000.0,3,1.0,1040.0,6,5.0,63.0,0,98178.0
224950.0,4,2.5,2260.0,7,4.0,49.0,0,98002.0
135000.0,2,1.0,780.0,5,4.0,66.0,0,98002.0
215000.0,3,1.0,1010.0,7,4.0,43.0,0,98042.0
299500.0,3,1.0,1190.0,7,3.0,33.0,0,98045.0
275000.0,3,2.5,1560.0,7,3.0,13.0,0,98038.0
256400.0,3,1.5,1490.0,7,3.0,52.0,0,98003.0
203000.0,3,1.5,1200.0,7,3.0,52.0,0,98055.0
285000.0,4,2.0,2120.0,7,3.0,61.0,0,98133.0
269500.0,4,2.25,1700.0,7,3.0,15.0,0,98001.0
274000.0,2,1.0,820.0,6,4.0,60.0,0,98166.0
270000.0,3,1.75,1390.0,6,3.0,57.0,0,98106.0
220000.0,3,1.75,1460.0,7,3.0,22.0,0,98198.0
243000.0,3,1.0,1480.0,8,4.0,60.0,0,98022.0
190000.0,3,1.0,1040.0,6,3.0,72.0,0,98168.0
299000.0,3,2.5,1850.0,7,3.0,9.0,0,98058.0
294000.0,4,2.25,2190.0,8,3.0,9.0,0,98038.0
255000.0,3,1.5,1110.0,7,5.0,50.0,0,98042.0
286651.0,3,2.5,1830.0,7,3.0,11.0,0,98001.0
195000.0,3,1.5,1200.0,7,4.0,57.0,0,98002.0
280000.0,3,1.5,1370.0,7,3.0,34.0,0,98045.0
270000.0,3,2.5,1770.0,7,3.0,28.0,0,98001.0
110000.0,2,1.0,790.0,6,3.0,68.0,0,98188.0
217000.0,3,1.0,1110.0,7,3.0,48.0,0,98198.0
276000.0,2,1.0,720.0,6,3.0,97.0,0,98106.0
272000.0,3,1.5,1380.0,7,4.0,51.0,0,98055.0
266000.0,2,1.0,700.0,6,5.0,66.0,0,98155.0
230000.0,3,1.0,940.0,7,3.0,57.0,0,98056.0
235000.0,4,1.5,1760.0,7,3.0,63.0,0,98031.0
250000.0,3,1.0,930.0,6,4.0,41.0,0,98118.0
225000.0,3,2.5,1020.0,7,3.0,11.0,0,98106.0
255000.0,2,2.0,1360.0,8,3.0,40.0,1,98198.0
161700.0,4,1.75,1720.0,7,3.0,40.0,0,98023.0
250000.0,3,1.0,1660.0,7,3.0,104.0,0,98118.0
284000.0,2,1.0,860.0,7,3.0,96.0,0,98106.0
208000.0,2,1.0,820.0,5,5.0,72.0,0,98056.0
280000.0,2,1.0,720.0,6,5.0,63.0,0,98126.0
223000.0,3,1.0,1220.0,6,3.0,63.0,0,98023.0
225000.0,3,2.0,1610.0,8,3.0,25.0,0,98022.0
280000.0,3,1.0,1330.0,5,3.0,55.0,0,98045.0
265000.0,3,2.0,1850.0,7,3.0,22.0,0,98014.0
280500.0,4,2.5,1890.0,8,3.0,17.0,0,98092.0
210500.0,2,1.75,2040.0,6,4.0,29.0,0,98003.0
196500.0,3,2.0,1310.0,7,4.0,35.0,0,98023.0
240000.0,3,1.75,1540.0,7,3.0,24.0,0,98022.0
272000.0,3,1.0,1130.0,6,3.0,81.0,0,98168.0
299000.0,4,2.0,2320.0,7,3.0,71.0,1,98108.0
215000.0,4,1.75,1630.0,7,3.0,55.0,0,98031.0
275000.0,3,2.25,1620.0,7,4.0,25.0,0,98038.0
246000.0,3,1.75,1390.0,7,4.0,39.0,0,98031.0
217000.0,3,2.0,1690.0,7,3.0,37.0,0,98023.0
221000.0,3,1.0,1150.0,7,3.0,55.0,0,98133.0
225000.0,3,2.25,1470.0,7,3.0,30.0,0,98023.0
177000.0,3,1.75,1150.0,7,4.0,31.0,0,98030.0
149000.0,3,1.0,1090.0,6,3.0,45.0,0,98092.0
199950.0,3,1.5,1510.0,6,3.0,76.0,0,98168.0
292000.0,5,2.5,2490.0,7,4.0,25.0,0,98031.0
225000.0,3,1.0,990.0,7,4.0,48.0,0,98058.0
209950.0,3,1.75,1570.0,7,3.0,33.0,0,98023.0
261000.0,2,1.0,970.0,6,3.0,74.0,0,98168.0
190000.0,3,1.0,1640.0,6,3.0,75.0,0,98146.0
213000.0,2,1.0,740.0,6,4.0,64.0,0,98188.0
239999.0,3,2.75,1740.0,7,3.0,47.0,0,98003.0
225000.0,3,2.0,1460.0,7,3.0,46.0,0,98003.0
241000.0,3,2.0,1770.0,7,3.0,28.0,0,98001.0
295000.0,3,2.0,1380.0,7,4.0,48.0,0,98148.0
249950.0,3,1.0,1370.0,6,4.0,56.0,0,98058.0
289000.0,3,2.0,1680.0,7,3.0,21.0,0,98022.0
263000.0,3,1.75,1570.0,7,3.0,32.0,0,98031.0
240000.0,3,1.0,1150.0,6,4.0,57.0,0,98027.0
281500.0,3,1.0,1270.0,7,3.0,62.0,0,98146.0
221000.0,3,2.25,1640.0,7,3.0,30.0,0,98003.0
285000.0,4,3.5,2770.0,8,3.0,74.0,1,98133.0
237950.0,2,1.75,1460.0,7,4.0,27.0,0,98042.0
199950.0,2,1.0,1010.0,6,3.0,53.0,0,98023.0
284000.0,3,2.5,2150.0,8,3.0,47.0,0,98188.0
295000.0,3,2.5,1660.0,7,3.0,15.0,0,98148.0
240000.0,3,2.25,1460.0,7,3.0,28.0,0,98023.0
215000.0,3,1.5,1240.0,7,4.0,48.0,0,98042.0
300000.0,6,2.0,2040.0,5,4.0,71.0,0,98056.0
222000.0,3,1.0,1460.0,6,4.0,53.0,0,98023.0
210000.0,4,1.5,1130.0,7,4.0,44.0,0,98023.0
255000.0,2,1.0,960.0,7,3.0,37.0,0,98045.0
250000.0,4,2.5,1800.0,7,3.0,16.0,0,98038.0
180000.0,3,1.0,780.0,6,2.0,94.0,0,98118.0
237000.0,3,2.0,1290.0,7,3.0,16.0,0,98030.0
180000.0,3,1.0,840.0,5,4.0,69.0,0,98038.0
280017.0,3,2.5,1850.0,8,3.0,18.0,0,98022.0
205000.0,3,1.0,860.0,6,3.0,70.0,0,98178.0
287000.0,2,2.5,2410.0,7,3.0,36.0,0,98023.0
260000.0,4,1.75,1650.0,7,3.0,37.0,0,98011.0
249000.0,3,1.75,1520.0,8,3.0,30.0,0,98092.0
225000.0,3,2.5,1680.0,8,3.0,20.0,0,98092.0
275500.0,3,1.0,1060.0,6,4.0,34.0,0,98056.0
280000.0,3,1.75,1480.0,7,4.0,30.0,0,98042.0
260000.0,3,1.75,1440.0,7,3.0,56.0,0,98168.0
235000.0,2,2.0,870.0,6,4.0,60.0,0,98118.0
277000.0,3,1.0,1140.0,7,3.0,58.0,0,98155.0
170000.0,2,1.0,1240.0,7,3.0,65.0,0,98168.0
165000.0,3,1.0,970.0,7,3.0,49.0,0,98168.0
243500.0,4,2.5,2300.0,7,4.0,48.0,0,98042.0
292500.0,4,2.5,1860.0,8,3.0,20.0,0,98092.0
258000.0,4,3.0,2710.0,7,4.0,47.0,0,98030.0
259950.0,4,2.0,1540.0,7,5.0,66.0,0,98022.0
123000.0,2,1.0,1050.0,6,3.0,50.0,0,98168.0
300000.0,4,2.25,2080.0,7,3.0,46.0,0,98058.0
230000.0,5,2.0,1210.0,7,3.0,33.0,0,98023.0
118125.0,2,1.0,790.0,6,4.0,70.0,0,98168.0
212000.0,2,1.0,790.0,6,4.0,71.0,0,98168.0
204000.0,3,1.5,1460.0,7,4.0,35.0,0,98031.0
175000.0,1,1.0,620.0,5,4.0,39.0,0,98198.0
245100.0,3,1.75,1300.0,7,3.0,18.0,0,98092.0
195000.0,3,1.75,1190.0,7,4.0,49.0,0,98023.0
295000.0,3,1.0,830.0,6,3.0,72.0,1,98133.0
279900.0,3,2.0,1410.0,7,4.0,25.0,0,98042.0
285000.0,3,1.0,1210.0,7,3.0,113.0,0,98117.0
260000.0,4,2.5,1811.0,8,3.0,7.0,0,98055.0
295000.0,3,2.5,1500.0,7,3.0,21.0,0,98006.0
265000.0,4,1.5,2050.0,7,3.0,51.0,0,98001.0
286000.0,4,1.5,1600.0,6,4.0,113.0,0,98118.0
275000.0,3,1.0,1320.0,7,3.0,59.0,0,98155.0
295000.0,2,1.0,670.0,6,4.0,73.0,0,98146.0
280000.0,3,1.0,1100.0,6,3.0,66.0,0,98103.0
215000.0,3,1.0,810.0,6,3.0,72.0,0,98166.0
263000.0,3,2.5,1720.0,7,3.0,27.0,0,98001.0
279900.0,3,1.0,1400.0,6,3.0,52.0,0,98034.0
269500.0,3,2.0,1640.0,7,4.0,23.0,0,98038.0
269000.0,3,2.25,1420.0,7,3.0,31.0,0,98031.0
295000.0,3,1.75,1940.0,8,4.0,96.0,1,98022.0
190000.0,3,2.25,1590.0,7,3.0,36.0,0,98001.0
250000.0,1,1.0,780.0,7,3.0,92.0,1,98122.0
295000.0,3,1.5,720.0,5,1.0,90.0,0,98126.0
249950.0,2,1.0,940.0,7,4.0,55.0,0,98166.0
292500.0,3,2.5,2095.0,7,3.0,7.0,0,98002.0
300000.0,3,1.0,1320.0,7,4.0,56.0,0,98056.0
299000.0,2,1.75,1270.0,7,4.0,34.0,0,98058.0
183500.0,3,1.0,1040.0,6,4.0,56.0,0,98023.0
263000.0,3,1.75,1660.0,7,4.0,37.0,0,98032.0
269000.0,3,1.75,1530.0,7,5.0,29.0,0,98038.0
294000.0,4,2.0,2930.0,8,4.0,49.0,0,98092.0
175409.0,4,1.5,1450.0,6,4.0,45.0,0,98042.0
275500.0,2,1.0,720.0,6,5.0,63.0,0,98133.0
250000.0,3,1.0,1250.0,7,4.0,54.0,0,98059.0
245000.0,3,1.0,990.0,6,4.0,56.0,0,98002.0
203000.0,3,1.75,1490.0,7,4.0,36.0,0,98092.0
237000.0,3,2.0,1710.0,8,3.0,46.0,0,98003.0
277000.0,4,3.0,1960.0,7,3.0,14.0,0,98106.0
292000.0,3,1.75,1650.0,7,4.0,56.0,0,98056.0
265000.0,3,1.5,1400.0,7,3.0,57.0,0,98166.0
259900.0,3,1.75,1690.0,7,3.0,28.0,0,98030.0
245000.0,2,1.0,1120.0,6,3.0,110.0,0,98118.0
272000.0,4,2.5,2070.0,8,3.0,21.0,0,98092.0
297500.0,4,2.5,2190.0,8,4.0,37.0,0,98023.0
260656.0,3,1.0,1620.0,6,4.0,46.0,0,98038.0
296500.0,3,2.75,2170.0,8,4.0,36.0,0,98032.0
242000.0,3,1.5,1640.0,7,4.0,51.0,0,98146.0
295000.0,3,1.5,1640.0,7,4.0,106.0,0,98108.0
220000.0,4,1.5,1180.0,7,5.0,46.0,0,98092.0
250000.0,2,1.0,990.0,7,3.0,33.0,0,98056.0
184000.0,3,1.75,1490.0,7,4.0,52.0,0,98001.0
290000.0,3,1.0,1150.0,6,4.0,82.0,0,98155.0
231000.0,4,2.0,1530.0,7,3.0,72.0,1,98058.0
229950.0,2,1.5,1160.0,7,3.0,42.0,0,98034.0
239000.0,3,1.0,1200.0,7,4.0,48.0,0,98038.0
290000.0,3,1.0,1240.0,7,3.0,61.0,0,98148.0
255000.0,4,2.5,2163.0,7,3.0,9.0,0,98001.0
292500.0,3,2.25,1390.0,8,3.0,22.0,0,98038.0
160000.0,3,1.75,1010.0,6,3.0,64.0,0,98106.0
183750.0,5,2.75,1650.0,7,3.0,45.0,0,98118.0
165000.0,2,1.0,780.0,6,3.0,68.0,0,98106.0
219900.0,3,1.0,970.0,6,4.0,47.0,0,98003.0
300000.0,3,1.0,1090.0,7,4.0,59.0,0,98052.0
258900.0,3,2.25,1400.0,7,4.0,29.0,0,98058.0
236775.0,3,2.5,1830.0,8,3.0,28.0,0,98023.0
270000.0,3,1.5,1500.0,7,5.0,61.0,0,98125.0
300000.0,4,2.5,2500.0,8,3.0,12.0,0,98042.0
300000.0,4,2.5,2700.0,8,4.0,48.0,0,98030.0
299000.0,3,1.75,2010.0,7,4.0,31.0,0,98031.0
205000.0,3,1.0,1290.0,7,5.0,38.0,0,98023.0
256000.0,3,1.0,1290.0,6,3.0,67.0,0,98106.0
163000.0,3,1.75,1290.0,7,3.0,19.0,0,98032.0
300000.0,3,2.0,1470.0,7,3.0,54.0,0,98042.0
245000.0,3,1.0,1370.0,7,3.0,59.0,0,98146.0
270000.0,3,1.75,1390.0,7,4.0,36.0,0,98045.0
296000.0,3,2.5,1560.0,7,3.0,11.0,0,98038.0
275000.0,2,1.0,770.0,7,4.0,87.0,0,98126.0
285000.0,3,1.75,1100.0,7,3.0,6.0,0,98106.0
288250.0,3,1.75,2110.0,7,3.0,52.0,0,98178.0
257000.0,2,1.75,1220.0,6,4.0,106.0,0,98144.0
224500.0,3,1.75,1300.0,7,4.0,34.0,0,98022.0
260000.0,3,1.0,1790.0,7,3.0,63.0,0,98031.0
250000.0,3,1.75,1360.0,7,3.0,36.0,0,98155.0
206000.0,3,1.0,1060.0,7,4.0,35.0,0,98038.0
265000.0,2,1.0,940.0,6,3.0,67.0,0,98155.0
190000.0,1,0.75,780.0,5,1.0,70.0,0,98058.0
250000.0,6,2.5,2590.0,7,4.0,44.0,0,98042.0
253000.0,3,1.0,1030.0,7,3.0,54.0,1,98056.0
275000.0,4,2.0,1960.0,7,4.0,42.0,0,98022.0
275000.0,5,2.5,2570.0,7,3.0,56.0,0,98133.0
190000.0,3,1.0,950.0,7,3.0,32.0,0,98092.0
285000.0,3,1.5,1400.0,7,3.0,59.0,0,98148.0
219950.0,3,1.0,1020.0,6,3.0,89.0,0,98118.0
220000.0,3,1.5,1600.0,7,4.0,52.0,0,98001.0
299900.0,3,1.75,1730.0,9,4.0,27.0,0,98042.0
258000.0,3,1.0,1490.0,7,3.0,45.0,0,98198.0
295000.0,3,2.5,1690.0,7,3.0,11.0,0,98038.0
299900.0,3,1.75,1470.0,7,3.0,56.0,0,98198.0
189900.0,2,1.0,800.0,6,5.0,59.0,0,98056.0
250000.0,2,1.5,1200.0,7,3.0,29.0,0,98055.0
151600.0,2,1.0,1060.0,6,3.0,60.0,0,98058.0
216000.0,2,1.0,1810.0,6,3.0,69.0,0,98178.0
245000.0,3,1.75,1670.0,7,4.0,41.0,0,98022.0
249900.0,3,1.0,1100.0,7,3.0,54.0,0,98118.0
152000.0,3,1.0,1090.0,6,4.0,45.0,0,98092.0
299800.0,2,1.0,1310.0,6,3.0,71.0,0,98126.0
258000.0,2,2.0,750.0,7,3.0,70.0,0,98178.0
275000.0,4,1.0,1770.0,7,3.0,49.0,0,98106.0
250000.0,3,1.0,920.0,7,3.0,62.0,0,98118.0
224950.0,3,1.5,1630.0,7,4.0,51.0,0,98022.0
174000.0,2,1.0,600.0,6,5.0,92.0,0,98168.0
170000.0,2,1.0,810.0,6,3.0,70.0,0,98178.0
195000.0,2,1.0,860.0,6,4.0,31.0,0,98042.0
269950.0,3,1.0,990.0,7,5.0,53.0,0,98056.0
276000.0,2,2.0,1480.0,7,5.0,95.0,0,98118.0
270000.0,3,1.5,1230.0,7,3.0,52.0,0,98198.0
216000.0,2,1.0,860.0,6,4.0,72.0,0,98168.0
210000.0,2,1.0,900.0,6,5.0,85.0,1,98022.0
245000.0,4,1.75,2020.0,8,4.0,45.0,0,98023.0
182000.0,3,1.0,1060.0,7,4.0,55.0,0,98032.0
225000.0,3,2.25,2510.0,8,3.0,26.0,0,98003.0
240000.0,3,1.5,1070.0,7,4.0,31.0,0,98030.0
299500.0,2,1.0,740.0,6,3.0,73.0,0,98126.0
222000.0,3,1.75,1370.0,7,4.0,34.0,0,98031.0
266000.0,3,2.25,1550.0,8,3.0,25.0,0,98003.0
280000.0,3,1.75,1740.0,7,4.0,37.0,0,98023.0
291000.0,4,1.0,1590.0,6,3.0,72.0,0,98168.0
160000.0,3,1.75,1610.0,7,4.0,50.0,0,98001.0
250000.0,2,1.0,850.0,6,3.0,64.0,0,98126.0
265000.0,2,1.5,920.0,7,3.0,20.0,0,98133.0
199950.0,3,1.0,1340.0,6,3.0,70.0,0,98178.0
299000.0,3,1.0,1510.0,6,3.0,60.0,0,98118.0
210000.0,3,1.0,1200.0,6,3.0,37.0,0,98030.0
299950.0,4,1.0,1170.0,6,5.0,61.0,0,98056.0
120000.0,3,1.0,1150.0,6,3.0,72.0,0,98030.0
175000.0,3,1.0,1150.0,6,3.0,72.0,0,98030.0
169900.0,3,1.0,910.0,5,4.0,114.0,0,98022.0
285000.0,2,1.0,1050.0,7,3.0,9.0,0,98029.0
217000.0,3,1.0,1400.0,7,3.0,52.0,0,98059.0
231200.0,3,2.0,1400.0,7,3.0,23.0,0,98022.0
267500.0,3,1.5,1390.0,7,3.0,13.0,0,98118.0
205000.0,4,1.0,1030.0,6,4.0,59.0,0,98055.0
299995.0,3,2.5,1970.0,8,3.0,26.0,0,98092.0
150000.0,2,1.0,790.0,6,4.0,70.0,0,98058.0
278800.0,4,2.5,2440.0,8,3.0,50.0,0,98031.0
252500.0,4,2.5,2600.0,7,3.0,53.0,0,98003.0
185000.0,3,1.5,1370.0,7,4.0,53.0,0,98092.0
243000.0,2,1.5,1068.0,7,3.0,24.0,0,98028.0
204750.0,2,1.0,880.0,7,4.0,73.0,0,98198.0
222000.0,3,1.5,1310.0,7,4.0,46.0,0,98042.0
200000.0,4,1.0,1350.0,7,3.0,48.0,0,98055.0
183000.0,3,1.0,1170.0,7,3.0,53.0,0,98188.0
300000.0,3,2.5,1020.0,7,3.0,10.0,0,98144.0
225000.0,3,1.75,1580.0,7,4.0,34.0,0,98001.0
279950.0,3,1.75,1660.0,7,3.0,41.0,0,98058.0
203000.0,2,1.0,1440.0,7,3.0,34.0,0,98023.0
250000.0,3,1.75,1590.0,7,3.0,30.0,0,98031.0
279000.0,3,1.0,1400.0,7,4.0,59.0,0,98056.0
280000.0,3,1.0,1090.0,7,4.0,52.0,0,98056.0
237000.0,3,1.0,1160.0,7,4.0,56.0,0,98056.0
251000.0,3,2.0,1650.0,7,4.0,26.0,0,98038.0
200000.0,3,1.0,2120.0,7,3.0,72.0,0,98168.0
153000.0,3,1.0,1270.0,6,3.0,70.0,0,98178.0
299950.0,4,2.25,1810.0,7,3.0,29.0,0,98023.0
293000.0,3,2.5,1690.0,7,3.0,11.0,0,98038.0
203000.0,3,1.75,1190.0,7,3.0,63.0,1,98178.0
193000.0,2,1.75,1280.0,7,3.0,24.0,0,98002.0
268000.0,2,1.0,1380.0,7,3.0,71.0,0,98108.0
120000.0,2,1.0,990.0,4,2.0,69.0,0,98042.0
285000.0,4,2.5,1800.0,7,3.0,21.0,0,98022.0
160000.0,3,1.0,860.0,6,4.0,51.0,0,98030.0
141800.0,2,1.0,930.0,5,4.0,72.0,0,98056.0
230000.0,2,1.0,770.0,6,4.0,66.0,0,98106.0
90000.0,1,1.0,780.0,5,3.0,110.0,0,98108.0
259900.0,4,2.75,1560.0,7,3.0,35.0,0,98001.0
250000.0,2,1.0,1400.0,6,3.0,86.0,0,98168.0
249950.0,3,1.5,1450.0,7,4.0,54.0,0,98198.0
199000.0,2,1.0,1140.0,6,4.0,83.0,0,98055.0
261000.0,3,1.0,1660.0,7,3.0,57.0,0,98056.0
230000.0,2,1.0,1430.0,7,3.0,65.0,0,98118.0
275000.0,3,1.0,1230.0,7,3.0,41.0,0,98070.0
278100.0,4,1.75,2120.0,7,3.0,37.0,0,98023.0
210000.0,4,1.75,2090.0,7,3.0,59.0,0,98178.0
184000.0,3,1.0,1100.0,6,3.0,53.0,0,98023.0
218000.0,2,2.0,1310.0,6,3.0,10.0,0,98038.0
258305.0,2,1.5,750.0,5,5.0,96.0,0,98118.0
278000.0,5,1.75,2170.0,7,3.0,52.0,0,98003.0
202200.0,2,1.75,1330.0,8,4.0,35.0,0,98198.0
200000.0,3,1.0,1040.0,6,4.0,54.0,0,98023.0
260000.0,5,2.25,2320.0,7,4.0,48.0,0,98001.0
287500.0,3,2.25,2030.0,8,4.0,29.0,0,98023.0
270000.0,3,2.0,1510.0,7,4.0,19.0,0,98022.0
284000.0,3,1.75,1320.0,7,3.0,25.0,0,98092.0
118000.0,1,1.0,670.0,6,4.0,36.0,0,98038.0
280400.0,4,1.75,1730.0,7,4.0,47.0,0,98003.0
154200.0,4,1.0,1310.0,6,3.0,67.0,0,98146.0
238000.0,4,2.5,1690.0,7,3.0,36.0,0,98023.0
285650.0,3,1.0,1040.0,7,3.0,61.0,0,98155.0
279000.0,3,2.5,1630.0,8,3.0,29.0,0,98042.0
163250.0,2,1.0,770.0,6,3.0,63.0,0,98118.0
285000.0,2,1.0,990.0,7,3.0,16.0,0,98144.0
299950.0,3,2.5,1570.0,7,3.0,9.0,0,98019.0
285000.0,2,2.0,1651.0,6,3.0,68.0,0,98070.0
175000.0,2,1.0,800.0,5,3.0,81.0,0,98030.0
220000.0,3,1.75,1720.0,7,4.0,34.0,0,98092.0
200000.0,3,2.0,1010.0,7,3.0,31.0,0,98031.0
259950.0,3,2.0,1010.0,7,3.0,31.0,0,98031.0
255000.0,4,2.75,1760.0,7,3.0,43.0,0,98023.0
287000.0,3,2.5,1820.0,7,3.0,89.0,1,98022.0
212000.0,2,1.0,770.0,6,3.0,93.0,0,98024.0
170000.0,1,1.0,480.0,5,3.0,92.0,0,98065.0
234000.0,2,1.0,870.0,6,3.0,74.0,0,98146.0
250000.0,3,2.0,1900.0,7,5.0,48.0,0,98038.0
270000.0,3,1.75,1260.0,6,3.0,67.0,0,98155.0
183000.0,3,1.75,1330.0,7,4.0,41.0,0,98092.0
220000.0,3,1.0,1460.0,7,4.0,57.0,0,98055.0
275000.0,2,1.0,900.0,6,4.0,76.0,0,98045.0
186000.0,3,2.0,1340.0,5,3.0,102.0,1,98002.0
285950.0,2,1.0,1170.0,6,3.0,67.0,0,98168.0
268000.0,3,2.5,1650.0,7,3.0,23.0,0,98031.0
299000.0,3,1.0,1550.0,7,3.0,62.0,0,98118.0
275000.0,4,2.0,2220.0,7,4.0,57.0,0,98030.0
260000.0,4,2.5,2000.0,8,3.0,25.0,0,98042.0
258000.0,3,2.5,1730.0,8,3.0,20.0,0,98003.0
165000.0,3,1.5,1020.0,6,5.0,55.0,0,98056.0
297000.0,5,2.5,1970.0,7,4.0,20.0,0,98022.0
180000.0,2,1.0,800.0,6,3.0,57.0,0,98058.0
170000.0,4,1.0,1920.0,7,4.0,48.0,0,98188.0
300000.0,3,2.5,1870.0,7,3.0,9.0,0,98042.0
269950.0,3,2.25,1610.0,7,3.0,26.0,0,98042.0
107000.0,2,1.0,670.0,6,4.0,66.0,0,98106.0
249000.0,3,1.0,1752.0,8,3.0,9.0,0,98032.0
203000.0,3,1.5,1370.0,7,3.0,56.0,0,98198.0
222900.0,2,1.0,860.0,5,5.0,72.0,0,98056.0
190000.0,1,0.75,930.0,6,3.0,73.0,0,98178.0
165000.0,2,1.0,640.0,6,3.0,72.0,0,98106.0
250000.0,4,1.0,1440.0,6,3.0,96.0,0,98126.0
220000.0,3,1.0,1180.0,7,3.0,68.0,0,98155.0
170000.0,2,1.0,1280.0,6,5.0,102.0,0,98001.0
228950.0,3,1.75,1200.0,7,4.0,46.0,0,98023.0
267500.0,2,1.0,960.0,6,5.0,63.0,0,98126.0
212000.0,1,1.0,620.0,6,3.0,89.0,0,98166.0
224000.0,3,1.5,1440.0,7,3.0,37.0,0,98118.0
285000.0,3,1.75,1720.0,7,4.0,52.0,0,98168.0
190000.0,3,1.75,1270.0,7,4.0,35.0,0,98030.0
292000.0,2,1.0,880.0,6,3.0,110.0,0,98118.0
82000.0,3,1.0,860.0,6,3.0,60.0,0,98146.0
219900.0,3,1.0,860.0,6,3.0,61.0,0,98146.0
245000.0,2,1.0,670.0,6,5.0,54.0,0,98144.0
296000.0,2,2.0,1320.0,7,3.0,17.0,0,98125.0
193000.0,2,1.0,950.0,6,3.0,90.0,0,98106.0
220000.0,3,2.5,1980.0,8,3.0,25.0,0,98092.0
285000.0,3,2.5,2090.0,8,4.0,27.0,0,98003.0
256500.0,3,2.0,1320.0,7,3.0,22.0,0,98042.0
225000.0,2,2.5,1560.0,5,3.0,68.0,0,98055.0
207000.0,2,1.0,820.0,6,5.0,59.0,0,98118.0
239950.0,2,1.0,1280.0,7,3.0,66.0,0,98118.0
250000.0,4,2.0,2600.0,8,3.0,55.0,0,98032.0
250000.0,4,1.5,1220.0,6,3.0,72.0,0,98118.0
262000.0,3,2.5,1700.0,8,3.0,17.0,0,98092.0
235000.0,3,1.0,960.0,7,3.0,59.0,0,98118.0
205000.0,2,1.75,1740.0,6,3.0,100.0,0,98108.0
255000.0,2,1.75,1950.0,8,3.0,40.0,0,98023.0
185000.0,4,1.0,1380.0,7,3.0,86.0,0,98168.0
262500.0,3,1.5,1610.0,7,4.0,53.0,0,98022.0
300000.0,3,2.25,1760.0,7,3.0,23.0,0,98038.0
288000.0,3,2.25,1560.0,7,4.0,52.0,0,98002.0
235000.0,2,1.0,1270.0,6,3.0,97.0,0,98126.0
210000.0,3,2.5,1040.0,7,3.0,10.0,0,98118.0
248000.0,3,1.75,1330.0,7,3.0,27.0,0,98001.0
239300.0,3,1.0,1070.0,7,3.0,62.0,0,98178.0
212000.0,3,1.5,1690.0,7,3.0,38.0,0,98038.0
225800.0,4,1.0,1100.0,7,4.0,108.0,0,98030.0
248000.0,4,2.0,2080.0,7,3.0,64.0,0,98178.0
245000.0,3,2.5,1600.0,7,4.0,22.0,0,98031.0
290000.0,2,1.0,840.0,6,4.0,95.0,0,98133.0
235000.0,3,1.75,1420.0,7,4.0,52.0,0,98092.0
225000.0,3,1.0,1790.0,6,3.0,77.0,1,98146.0
285000.0,2,1.0,1010.0,7,3.0,39.0,0,98155.0
245000.0,3,2.25,1530.0,7,3.0,36.0,0,98023.0
200000.0,3,2.0,1290.0,7,3.0,20.0,0,98092.0
250000.0,3,3.0,2300.0,7,3.0,54.0,0,98056.0
299000.0,3,1.5,1190.0,7,4.0,55.0,0,98056.0
224000.0,3,1.5,1480.0,7,3.0,57.0,0,98002.0
140000.0,2,1.0,900.0,6,2.0,74.0,0,98118.0
246000.0,4,2.0,1400.0,6,5.0,84.0,0,98166.0
207000.0,3,1.0,1490.0,7,4.0,60.0,0,98168.0
238000.0,3,1.0,1240.0,6,5.0,61.0,0,98056.0
236000.0,4,2.5,1630.0,7,3.0,11.0,0,98146.0
236000.0,3,1.75,1330.0,7,3.0,16.0,0,98002.0
240000.0,0,2.5,1810.0,7,3.0,11.0,0,98038.0
239950.0,3,1.0,1140.0,6,5.0,71.0,0,98058.0
200000.0,3,1.0,1050.0,6,4.0,47.0,0,98056.0
285000.0,4,2.5,1996.0,7,3.0,6.0,0,98042.0
264950.0,2,1.0,1000.0,6,3.0,64.0,0,98126.0
209500.0,3,1.5,970.0,7,3.0,39.0,0,98106.0
249900.0,2,1.0,560.0,6,3.0,70.0,0,98126.0
175000.0,4,1.0,1210.0,7,3.0,52.0,0,98168.0
225000.0,3,1.75,1370.0,6,4.0,69.0,0,98052.0
270000.0,3,1.75,1370.0,6,4.0,69.0,0,98052.0
299800.0,2,1.0,790.0,6,4.0,89.0,0,98118.0
230000.0,3,2.5,1920.0,8,3.0,26.0,0,98055.0
265000.0,3,1.5,1780.0,7,4.0,48.0,0,98001.0
250000.0,4,1.75,1910.0,7,4.0,56.0,0,98008.0
225000.0,2,1.0,1170.0,7,3.0,63.0,0,98155.0
215000.0,3,1.75,1210.0,6,4.0,31.0,0,98001.0
215000.0,4,1.5,1860.0,8,5.0,94.0,0,98022.0
224000.0,2,1.0,1150.0,6,3.0,84.0,1,98168.0
293550.0,4,1.75,2120.0,7,3.0,49.0,0,98168.0
169000.0,3,1.5,1570.0,6,4.0,83.0,0,98022.0
299900.0,3,2.5,2720.0,7,3.0,12.0,0,98092.0
270000.0,3,2.5,1540.0,7,4.0,29.0,0,98030.0
189000.0,3,1.0,860.0,6,5.0,46.0,0,98042.0
287000.0,3,2.0,1300.0,7,5.0,81.0,0,98168.0
285000.0,3,2.5,1870.0,7,3.0,9.0,0,98042.0
245000.0,2,1.75,1220.0,6,3.0,73.0,0,98146.0
281000.0,3,1.5,1280.0,7,3.0,11.0,0,98125.0
205000.0,3,0.75,770.0,4,3.0,72.0,0,98024.0
290000.0,3,1.75,1520.0,7,4.0,46.0,0,98038.0
279000.0,4,2.0,1980.0,7,3.0,45.0,1,98092.0
265000.0,5,4.0,1400.0,7,5.0,60.0,0,98188.0
114975.0,2,1.0,740.0,6,3.0,72.0,0,98146.0
299990.0,2,1.0,1570.0,7,4.0,61.0,0,98022.0
190000.0,3,1.75,1520.0,7,4.0,47.0,0,98059.0
175000.0,3,1.0,1010.0,7,3.0,60.0,0,98055.0
225000.0,3,1.75,1460.0,7,4.0,33.0,0,98042.0
222200.0,2,1.0,1210.0,7,3.0,62.0,0,98148.0
249000.0,3,1.0,1050.0,7,4.0,55.0,0,98031.0
244900.0,3,1.5,1360.0,7,4.0,48.0,0,98031.0
289900.0,3,1.0,1180.0,6,3.0,71.0,0,98178.0
286000.0,3,1.75,1770.0,7,3.0,60.0,0,98168.0
260000.0,3,1.0,1200.0,6,3.0,64.0,0,98106.0
255000.0,2,1.0,1610.0,7,3.0,62.0,0,98168.0
139000.0,3,1.0,1100.0,7,3.0,36.0,0,98001.0
245000.0,3,1.0,1380.0,7,3.0,56.0,0,98168.0
195000.0,3,1.75,1570.0,7,3.0,23.0,0,98022.0
242000.0,5,2.25,2340.0,7,3.0,63.0,0,98188.0
270000.0,3,1.5,1610.0,7,3.0,87.0,0,98155.0
275000.0,3,1.75,1840.0,8,3.0,32.0,0,98023.0
300000.0,4,2.5,2450.0,8,3.0,25.0,0,98023.0
225000.0,3,1.5,1240.0,7,4.0,44.0,0,98118.0
249950.0,3,1.75,1120.0,7,5.0,39.0,0,98042.0
249000.0,4,1.75,1630.0,7,5.0,71.0,0,98188.0
249000.0,3,1.75,1590.0,6,5.0,106.0,0,98032.0
237500.0,3,1.75,1480.0,7,3.0,34.0,0,98022.0
155000.0,3,1.0,1250.0,7,2.0,65.0,0,98108.0
199129.0,3,1.0,860.0,6,4.0,59.0,0,98001.0
272000.0,4,1.75,1390.0,7,4.0,54.0,0,98198.0
280000.0,3,2.25,2140.0,7,4.0,35.0,0,98031.0
233000.0,3,1.0,1250.0,7,3.0,59.0,0,98155.0
275000.0,3,1.0,1080.0,7,4.0,62.0,0,98133.0
270500.0,3,1.5,1952.0,7,4.0,55.0,0,98032.0
159075.0,4,1.5,1580.0,6,3.0,70.0,0,98178.0
235000.0,2,1.0,1020.0,6,3.0,75.0,0,98108.0
291000.0,3,1.5,1860.0,7,4.0,47.0,0,98042.0
287000.0,2,1.5,720.0,6,4.0,72.0,0,98106.0
270000.0,3,2.25,1750.0,7,3.0,49.0,0,98188.0
210000.0,3,2.0,960.0,6,3.0,65.0,0,98146.0
265000.0,2,1.5,1440.0,7,3.0,25.0,0,98019.0
175000.0,2,1.0,1330.0,6,3.0,90.0,0,98168.0
285000.0,4,2.5,2434.0,8,3.0,7.0,0,98001.0
215000.0,2,1.5,1120.0,7,3.0,11.0,0,98106.0
235000.0,3,1.0,1430.0,6,4.0,85.0,0,98168.0
213500.0,3,1.5,1150.0,7,3.0,53.0,0,98168.0
250000.0,3,2.5,1510.0,7,2.0,38.0,0,98077.0
275000.0,4,1.5,1930.0,7,3.0,35.0,0,98003.0
249000.0,4,2.25,1830.0,7,3.0,24.0,0,98030.0
235000.0,3,2.0,1530.0,7,4.0,44.0,0,98055.0
298000.0,4,2.5,2420.0,8,3.0,11.0,0,98042.0
261490.0,4,1.0,1640.0,6,4.0,71.0,0,98056.0
291000.0,3,2.25,1480.0,7,3.0,40.0,0,98023.0
264950.0,2,1.0,770.0,6,3.0,68.0,0,98155.0
200000.0,4,1.5,1780.0,6,4.0,115.0,1,98010.0
281000.0,3,2.5,1760.0,8,3.0,22.0,0,98003.0
270000.0,3,2.25,2100.0,8,3.0,35.0,0,98042.0
205950.0,3,1.0,1490.0,6,4.0,51.0,0,98023.0
279000.0,4,2.0,2200.0,7,3.0,35.0,0,98058.0
280000.0,4,2.0,2190.0,7,4.0,37.0,0,98001.0
289900.0,3,1.75,1899.0,7,3.0,71.0,1,98198.0
269000.0,3,2.5,1730.0,7,4.0,24.0,0,98042.0
280000.0,3,2.25,1860.0,7,3.0,20.0,0,98038.0
287000.0,3,1.75,1940.0,7,3.0,50.0,0,98055.0
183000.0,2,1.0,670.0,6,3.0,88.0,0,98126.0
150000.0,2,1.0,830.0,6,3.0,71.0,0,98106.0
240000.0,4,1.75,1880.0,7,5.0,68.0,0,98001.0
204000.0,3,1.0,1200.0,6,3.0,79.0,0,98198.0
259950.0,4,2.0,1610.0,7,3.0,26.0,0,98023.0
190500.0,3,1.5,1110.0,8,3.0,8.0,0,98144.0
290000.0,6,4.5,2810.0,8,3.0,56.0,0,98031.0
290000.0,3,1.0,1010.0,7,4.0,42.0,0,98045.0
214000.0,3,2.5,1600.0,7,3.0,11.0,0,98001.0
275000.0,3,2.5,2497.0,8,3.0,7.0,0,98001.0
199950.0,3,3.0,1530.0,8,3.0,22.0,0,98038.0
273000.0,3,2.25,2160.0,8,3.0,24.0,0,98042.0
284000.0,4,2.5,1830.0,8,3.0,21.0,0,98031.0
285000.0,3,1.75,1150.0,5,3.0,88.0,0,98115.0
250000.0,3,1.0,1700.0,7,3.0,54.0,0,98168.0
290000.0,4,2.0,1630.0,7,3.0,48.0,0,98198.0
235000.0,2,1.0,720.0,6,3.0,74.0,0,98118.0
230950.0,2,1.0,930.0,6,4.0,102.0,0,98014.0
230000.0,3,2.25,1490.0,7,3.0,18.0,0,98030.0
245000.0,3,2.5,1720.0,7,3.0,22.0,0,98031.0
188000.0,3,1.5,1140.0,7,4.0,51.0,0,98022.0
275000.0,4,2.0,1720.0,6,3.0,91.0,0,98118.0
225000.0,3,1.5,1220.0,7,3.0,83.0,0,98178.0
249000.0,2,2.0,1090.0,7,3.0,24.0,0,98028.0
214000.0,3,1.5,1240.0,6,5.0,45.0,0,98042.0
205000.0,3,1.5,1420.0,7,3.0,28.0,0,98198.0
230000.0,3,1.0,1640.0,7,3.0,48.0,0,98058.0
259875.0,5,2.5,2200.0,7,3.0,19.0,0,98038.0
229000.0,3,2.0,1540.0,6,4.0,62.0,0,98155.0
225000.0,3,1.75,1550.0,7,3.0,66.0,1,98146.0
250000.0,1,1.0,1100.0,6,2.0,67.0,0,98166.0
265950.0,3,1.5,1150.0,6,4.0,63.0,0,98178.0
258000.0,3,1.75,2090.0,6,3.0,28.0,0,98030.0
222000.0,2,1.0,1550.0,6,3.0,68.0,0,98055.0
226800.0,2,1.0,1240.0,7,4.0,55.0,0,98030.0
285000.0,5,3.0,2110.0,7,3.0,12.0,0,98118.0
254000.0,3,1.0,1270.0,7,4.0,58.0,0,98188.0
255000.0,2,1.0,1200.0,6,5.0,97.0,0,98198.0
274000.0,5,1.75,1950.0,7,3.0,53.0,0,98001.0
260000.0,3,2.0,1920.0,7,4.0,45.0,0,98023.0
220000.0,3,1.0,1230.0,7,5.0,45.0,0,98042.0
220000.0,3,2.25,1400.0,7,3.0,29.0,0,98030.0
204700.0,4,2.0,1670.0,7,3.0,47.0,0,98001.0
216180.0,2,1.0,1120.0,6,3.0,66.0,0,98055.0
300000.0,4,2.25,1740.0,8,5.0,25.0,0,98058.0
145000.0,3,1.0,1010.0,7,3.0,54.0,0,98030.0
255000.0,3,1.0,1010.0,7,3.0,55.0,0,98030.0
250000.0,3,1.75,1200.0,6,3.0,30.0,0,98031.0
245000.0,3,1.0,1020.0,7,3.0,36.0,0,98045.0
190000.0,3,1.75,1160.0,6,4.0,97.0,0,98146.0
250000.0,1,1.0,720.0,6,4.0,79.0,0,98092.0
284850.0,3,1.5,1590.0,7,3.0,45.0,0,98003.0
200000.0,3,1.0,1150.0,6,4.0,76.0,0,98002.0
295000.0,3,2.0,1760.0,7,3.0,16.0,0,98030.0
275000.0,3,1.0,1250.0,6,3.0,73.0,0,98198.0
196000.0,3,1.0,1000.0,6,4.0,52.0,0,98023.0
235750.0,2,1.0,740.0,6,2.0,76.0,0,98146.0
235000.0,3,1.75,1400.0,7,3.0,16.0,0,98022.0
299000.0,2,1.75,1250.0,7,4.0,64.0,0,98003.0
240000.0,3,2.0,1100.0,7,3.0,23.0,0,98038.0
272000.0,4,2.25,1800.0,7,3.0,11.0,0,98038.0
190000.0,2,1.5,1400.0,7,3.0,32.0,0,98023.0
144000.0,3,1.0,980.0,6,3.0,68.0,0,98058.0
139000.0,2,1.0,690.0,5,4.0,72.0,0,98056.0
293000.0,1,1.0,1110.0,6,3.0,79.0,0,98177.0
267100.0,2,2.5,1250.0,7,3.0,10.0,0,98106.0
240000.0,3,2.25,1500.0,7,4.0,22.0,0,98042.0
279950.0,5,1.75,2150.0,7,4.0,44.0,0,98031.0
225000.0,3,1.0,960.0,5,4.0,60.0,0,98056.0
250000.0,3,1.0,1520.0,7,4.0,47.0,0,98032.0
272950.0,3,2.25,1570.0,7,4.0,24.0,0,98022.0
205000.0,3,2.25,1250.0,8,3.0,7.0,0,98133.0
289000.0,4,2.5,1961.0,7,3.0,9.0,0,98042.0
230000.0,3,0.75,1040.0,6,3.0,73.0,0,98028.0
169100.0,3,2.0,1050.0,7,4.0,61.0,0,98001.0
250000.0,3,2.0,1050.0,7,4.0,62.0,0,98001.0
240000.0,6,1.75,2210.0,7,3.0,55.0,0,98188.0
243000.0,3,1.0,1500.0,6,2.0,44.0,0,98168.0
275000.0,2,1.0,770.0,6,5.0,66.0,0,98155.0
273000.0,4,1.5,2180.0,6,4.0,60.0,1,98042.0
200000.0,4,2.0,1900.0,7,3.0,40.0,0,98022.0
220500.0,2,1.0,990.0,6,2.0,65.0,0,98070.0
265000.0,3,2.5,1640.0,7,3.0,23.0,0,98038.0
195000.0,2,1.0,1080.0,8,4.0,42.0,0,98198.0
270000.0,3,2.5,1690.0,7,4.0,22.0,0,98038.0
224000.0,4,3.0,2300.0,7,4.0,39.0,0,98002.0
235000.0,3,1.75,1380.0,7,3.0,47.0,0,98003.0
209950.0,3,1.0,970.0,6,4.0,47.0,0,98023.0
290000.0,2,1.75,1560.0,8,3.0,12.0,0,98030.0
218000.0,3,1.75,1850.0,8,3.0,35.0,0,98023.0
268500.0,4,1.75,1670.0,8,4.0,40.0,0,98023.0
230000.0,3,1.75,1010.0,7,5.0,45.0,0,98042.0
245500.0,2,1.5,1430.0,7,3.0,60.0,0,98188.0
182500.0,3,2.25,1830.0,7,3.0,18.0,0,98001.0
217000.0,2,1.0,970.0,6,3.0,63.0,0,98118.0
298800.0,2,1.0,860.0,6,3.0,66.0,0,98155.0
295000.0,3,2.5,1920.0,8,3.0,21.0,0,98003.0
263500.0,4,1.75,2210.0,8,3.0,37.0,0,98003.0
300000.0,2,1.0,1100.0,6,5.0,94.0,0,98106.0
219950.0,2,1.0,1010.0,6,3.0,107.0,1,98055.0
251200.0,4,1.5,1310.0,7,3.0,61.0,0,98148.0
215000.0,3,1.5,1610.0,6,4.0,46.0,0,98042.0
245000.0,3,2.0,1850.0,7,4.0,44.0,0,98023.0
259000.0,3,1.75,1270.0,6,3.0,93.0,0,98108.0
230000.0,3,1.75,1420.0,5,3.0,83.0,1,98178.0
275000.0,4,1.75,2000.0,7,5.0,39.0,0,98042.0
201500.0,3,1.0,1160.0,7,4.0,55.0,0,98032.0
229950.0,4,2.5,2150.0,7,5.0,38.0,0,98031.0
285000.0,3,1.5,1380.0,7,4.0,47.0,0,98003.0
197200.0,3,1.0,1140.0,6,3.0,73.0,0,98146.0
262000.0,3,2.5,1680.0,7,4.0,20.0,0,98010.0
270000.0,3,2.25,1760.0,7,3.0,28.0,0,98188.0
246000.0,3,1.5,1630.0,8,4.0,39.0,0,98023.0
255000.0,4,2.0,2560.0,7,4.0,54.0,0,98003.0
275000.0,3,1.5,1350.0,7,3.0,56.0,0,98059.0
272000.0,3,2.0,1200.0,7,5.0,72.0,0,98178.0
225000.0,3,2.5,1590.0,7,3.0,25.0,0,98030.0
248000.0,3,1.0,1470.0,7,3.0,68.0,0,98106.0
297000.0,3,1.0,1340.0,7,4.0,90.0,0,98070.0
257000.0,3,2.25,1810.0,7,3.0,22.0,0,98003.0
300000.0,3,2.0,1260.0,7,3.0,28.0,0,98117.0
213400.0,4,2.5,1680.0,7,3.0,13.0,0,98030.0
258000.0,4,1.0,1220.0,6,5.0,99.0,0,98168.0
250600.0,4,2.5,1930.0,7,3.0,33.0,0,98001.0
291500.0,4,2.5,1770.0,7,3.0,10.0,0,98038.0
279000.0,3,2.5,1540.0,7,3.0,40.0,0,98003.0
215000.0,3,1.75,1770.0,8,3.0,55.0,0,98023.0
155000.0,2,1.0,910.0,6,3.0,71.0,0,98118.0
165000.0,3,1.5,1630.0,7,3.0,44.0,0,98032.0
287000.0,4,1.5,1300.0,7,3.0,52.0,0,98059.0
238000.0,5,2.25,2240.0,7,3.0,24.0,0,98055.0
230000.0,2,0.75,890.0,6,3.0,81.0,0,98045.0
280000.0,2,1.5,1480.0,7,4.0,74.0,0,98146.0
265000.0,4,1.75,1430.0,6,5.0,73.0,0,98056.0
267500.0,3,2.5,1400.0,7,3.0,27.0,0,98030.0
265000.0,3,1.0,1020.0,7,5.0,55.0,0,98056.0
264000.0,1,1.0,710.0,6,3.0,75.0,0,98133.0
280927.0,4,2.25,2070.0,8,4.0,37.0,0,98032.0
282613.0,2,1.0,830.0,6,4.0,60.0,0,98133.0
259900.0,3,2.0,1490.0,7,4.0,24.0,0,98042.0
275000.0,4,2.25,2400.0,7,4.0,42.0,0,98002.0
215000.0,3,1.0,880.0,6,4.0,75.0,0,98022.0
175000.0,4,2.5,1780.0,7,3.0,23.0,0,98198.0
190000.0,1,1.0,720.0,6,3.0,100.0,0,98118.0
275000.0,2,1.0,680.0,5,2.0,108.0,0,98103.0
247000.0,3,1.75,1820.0,8,4.0,27.0,0,98023.0
235000.0,2,1.0,1270.0,6,4.0,91.0,0,98118.0
257100.0,3,1.5,1500.0,7,4.0,69.0,0,98022.0
268000.0,3,1.75,1970.0,8,4.0,48.0,0,98032.0
300000.0,3,1.0,1150.0,7,3.0,54.0,0,98008.0
249000.0,3,1.0,1000.0,7,3.0,46.0,1,98042.0
274000.0,5,1.0,1680.0,7,3.0,85.0,0,98155.0
277000.0,3,1.0,1100.0,7,4.0,57.0,0,98118.0
244000.0,3,2.0,1360.0,7,4.0,31.0,0,98003.0
165000.0,3,2.5,1660.0,7,3.0,31.0,0,98042.0
275000.0,2,2.0,1290.0,7,3.0,58.0,0,98108.0
270000.0,3,1.0,1830.0,7,3.0,72.0,0,98028.0
220000.0,4,2.0,1620.0,7,4.0,36.0,0,98042.0
236000.0,3,1.75,1560.0,7,3.0,39.0,0,98023.0
130000.0,2,1.0,780.0,6,3.0,74.0,0,98146.0
283200.0,4,2.5,1982.0,8,3.0,10.0,0,98030.0
273000.0,3,1.0,1500.0,6,3.0,69.0,0,98126.0
264250.0,3,1.0,1420.0,6,3.0,70.0,0,98178.0
215000.0,3,1.0,980.0,6,2.0,66.0,0,98106.0
240000.0,3,2.5,1500.0,7,4.0,34.0,0,98031.0
201000.0,3,1.0,980.0,7,3.0,45.0,0,98031.0
297300.0,3,1.75,1980.0,8,3.0,28.0,0,98092.0
230000.0,3,1.75,1260.0,6,4.0,50.0,0,98059.0
290000.0,3,1.0,960.0,7,4.0,47.0,0,98106.0
265000.0,4,2.5,1820.0,7,3.0,10.0,0,98030.0
280000.0,2,1.0,870.0,7,3.0,34.0,0,98034.0
261000.0,4,1.5,2040.0,7,3.0,53.0,0,98188.0
195700.0,3,1.0,1120.0,7,5.0,38.0,0,98042.0
265000.0,3,1.5,1290.0,6,3.0,60.0,0,98198.0
296000.0,3,1.75,1360.0,7,5.0,43.0,0,98058.0
280000.0,3,2.25,1220.0,7,3.0,31.0,0,98115.0
260750.0,3,2.0,1560.0,7,3.0,48.0,0,98003.0
255000.0,3,1.5,1490.0,6,4.0,96.0,0,98166.0
200000.0,2,1.0,1730.0,7,3.0,52.0,0,98001.0
174500.0,2,1.0,1010.0,7,3.0,59.0,0,98198.0
260000.0,3,2.0,2710.0,6,3.0,63.0,0,98126.0
229950.0,3,1.75,1900.0,7,4.0,26.0,0,98092.0
265000.0,3,1.5,1520.0,7,4.0,34.0,0,98023.0
272000.0,3,2.5,1980.0,8,3.0,20.0,0,98092.0
270000.0,4,2.25,2600.0,7,3.0,49.0,0,98178.0
215000.0,3,1.0,1280.0,6,3.0,51.0,0,98003.0
256000.0,4,1.75,1270.0,7,3.0,65.0,0,98178.0
255000.0,3,2.25,1890.0,7,3.0,34.0,0,98031.0
259000.0,3,1.75,1240.0,7,3.0,28.0,0,98055.0
292000.0,3,1.0,1730.0,7,3.0,60.0,0,98168.0
259500.0,3,2.0,1330.0,7,3.0,26.0,0,98092.0
300000.0,3,2.5,1750.0,7,3.0,9.0,0,98038.0
246000.0,4,1.75,1720.0,7,4.0,51.0,0,98058.0
260000.0,3,1.5,1270.0,7,2.0,66.0,0,98155.0
299950.0,3,1.75,1980.0,7,4.0,46.0,0,98058.0
265500.0,3,2.5,1450.0,8,3.0,25.0,0,98092.0
219000.0,3,1.5,1200.0,7,3.0,28.0,0,98001.0
289275.0,3,2.0,2860.0,9,3.0,29.0,0,98019.0
265000.0,3,1.5,1460.0,7,4.0,59.0,0,98055.0
202000.0,3,1.0,1010.0,7,5.0,45.0,0,98042.0
216500.0,3,1.0,1170.0,6,4.0,97.0,0,98022.0
263500.0,3,1.75,1610.0,7,4.0,38.0,0,98010.0
246600.0,4,1.0,1340.0,7,5.0,49.0,0,98023.0
240000.0,3,1.75,1380.0,7,3.0,26.0,0,98038.0
284200.0,3,1.75,1540.0,7,3.0,56.0,0,98178.0
275000.0,4,2.25,2670.0,8,4.0,52.0,0,98032.0
225000.0,3,1.0,1120.0,6,4.0,53.0,0,98001.0
124000.0,1,0.75,840.0,6,3.0,65.0,0,98168.0
224000.0,1,0.75,840.0,6,3.0,66.0,0,98168.0
230000.0,4,1.75,1850.0,6,4.0,70.0,0,98178.0
280000.0,3,1.75,1630.0,7,4.0,38.0,0,98042.0
204950.0,2,0.75,1130.0,7,3.0,58.0,0,98188.0
137124.0,3,1.0,960.0,6,4.0,44.0,0,98058.0
225000.0,4,1.0,1150.0,6,3.0,107.0,0,98118.0
269000.0,4,1.0,1610.0,7,3.0,56.0,0,98056.0
235000.0,0,0.0,1470.0,7,3.0,18.0,0,98065.0
290000.0,3,2.5,2080.0,8,3.0,12.0,0,98042.0
176000.0,3,3.25,1340.0,7,3.0,29.0,0,98038.0
240000.0,3,1.0,1310.0,7,4.0,37.0,0,98042.0
164950.0,3,1.75,1570.0,7,3.0,58.0,0,98166.0
264500.0,3,1.75,1650.0,7,3.0,39.0,0,98031.0
280000.0,2,1.0,990.0,7,4.0,23.0,0,98070.0
260000.0,4,2.5,2360.0,8,3.0,51.0,0,98003.0
241000.0,3,1.5,1660.0,7,4.0,39.0,0,98030.0
128000.0,2,1.0,980.0,6,3.0,45.0,0,98042.0
210500.0,3,1.0,1840.0,7,3.0,54.0,0,98198.0
290000.0,3,2.5,2000.0,7,4.0,21.0,0,98038.0
250000.0,2,1.0,860.0,7,3.0,90.0,0,98108.0
192500.0,3,1.75,1420.0,7,3.0,28.0,0,98030.0
240000.0,5,1.75,2460.0,7,3.0,57.0,0,98023.0
234000.0,3,1.0,1240.0,6,3.0,93.0,1,98038.0
275000.0,2,1.0,1140.0,5,3.0,79.0,0,98155.0
275000.0,3,1.5,1240.0,7,4.0,47.0,0,98058.0
237200.0,3,1.5,1220.0,7,4.0,47.0,0,98042.0
210000.0,3,1.0,1070.0,6,3.0,65.0,0,98146.0
215000.0,3,1.5,1500.0,7,3.0,62.0,0,98031.0
280000.0,3,2.25,1610.0,7,3.0,37.0,0,98148.0
290000.0,1,2.0,1240.0,6,3.0,104.0,0,98055.0
235000.0,2,2.25,1660.0,7,3.0,19.0,0,98055.0
290000.0,3,2.25,1880.0,8,3.0,35.0,0,98032.0
230000.0,4,1.5,1050.0,7,4.0,45.0,0,98031.0
234000.0,3,1.75,1480.0,7,4.0,47.0,0,98023.0
205000.0,3,2.5,1870.0,8,3.0,21.0,0,98038.0
279000.0,2,1.0,1020.0,7,5.0,110.0,1,98042.0
262000.0,3,1.5,1700.0,7,4.0,53.0,0,98023.0
285000.0,3,2.25,1680.0,7,3.0,27.0,0,98092.0
124500.0,2,1.0,840.0,5,4.0,61.0,0,98001.0
160000.0,3,1.0,1060.0,6,4.0,87.0,0,98002.0
255000.0,3,1.0,1140.0,7,5.0,48.0,0,98022.0
292050.0,5,3.0,2840.0,7,3.0,11.0,0,98178.0
300000.0,2,1.0,750.0,6,4.0,73.0,0,98126.0
291600.0,3,1.75,1630.0,7,3.0,36.0,0,98058.0
200000.0,3,2.25,1230.0,7,5.0,101.0,0,98002.0
238000.0,3,1.5,1610.0,7,4.0,55.0,0,98056.0
230000.0,6,3.0,2180.0,7,3.0,34.0,0,98003.0
228000.0,4,1.75,2000.0,7,3.0,49.0,0,98178.0
262000.0,3,2.5,1970.0,7,3.0,20.0,0,98092.0
235000.0,2,1.0,720.0,6,4.0,67.0,0,98126.0
252000.0,3,2.0,1370.0,7,3.0,18.0,0,98038.0
249900.0,4,2.0,1500.0,7,3.0,31.0,0,98023.0
220000.0,4,1.5,1240.0,7,3.0,43.0,0,98023.0
270000.0,3,2.25,1470.0,7,4.0,55.0,0,98168.0
200000.0,3,1.0,1150.0,7,4.0,45.0,0,98023.0
275000.0,4,2.5,2060.0,7,3.0,15.0,0,98030.0
200000.0,2,1.75,1320.0,7,3.0,34.0,0,98014.0
299000.0,4,2.5,2300.0,8,4.0,36.0,0,98023.0
139500.0,2,1.5,1230.0,7,3.0,32.0,0,98042.0
255000.0,3,1.75,1740.0,7,3.0,37.0,0,98023.0
289659.0,4,2.25,2260.0,7,4.0,30.0,0,98031.0
280000.0,3,2.5,1720.0,7,3.0,9.0,0,98059.0
250000.0,3,1.0,1100.0,5,4.0,97.0,0,98065.0
290000.0,3,2.0,1550.0,7,3.0,32.0,0,98198.0
285000.0,3,2.5,1890.0,7,3.0,9.0,0,98038.0
219000.0,3,2.25,1940.0,8,3.0,36.0,0,98042.0
112000.0,1,1.0,1080.0,6,3.0,51.0,0,98002.0
252000.0,3,1.75,1440.0,6,4.0,90.0,0,98023.0
245000.0,3,2.0,1690.0,7,3.0,35.0,0,98023.0
245000.0,3,2.0,1190.0,6,5.0,107.0,0,98118.0
235000.0,3,1.0,1210.0,7,3.0,84.0,0,98178.0
193500.0,2,1.0,950.0,7,4.0,68.0,1,98045.0
235000.0,3,1.0,1864.0,7,4.0,57.0,0,98002.0
251000.0,3,2.0,1300.0,7,4.0,47.0,0,98198.0
275000.0,3,2.5,2710.0,7,3.0,12.0,0,98092.0
270000.0,3,1.0,1500.0,6,5.0,72.0,0,98106.0
225000.0,4,1.75,1420.0,7,3.0,65.0,1,98002.0
260000.0,3,2.5,1510.0,7,4.0,23.0,0,98038.0
276200.0,2,1.75,1370.0,8,4.0,40.0,0,98198.0
245000.0,3,3.0,1990.0,7,3.0,26.0,0,98003.0
221900.0,2,1.0,780.0,6,3.0,75.0,0,98168.0
215000.0,4,2.5,1960.0,6,5.0,83.0,0,98002.0
268500.0,2,1.0,790.0,6,4.0,61.0,0,98133.0
292500.0,4,2.5,1610.0,7,3.0,9.0,0,98001.0
270000.0,4,1.75,1850.0,7,5.0,58.0,0,98133.0
136500.0,3,1.5,1420.0,6,3.0,52.0,0,98023.0
224097.0,3,1.5,1420.0,6,3.0,52.0,0,98023.0
254000.0,3,2.5,1560.0,7,3.0,20.0,0,98042.0
169950.0,3,1.0,1180.0,7,3.0,44.0,0,98042.0
233703.0,3,2.25,1650.0,7,3.0,29.0,0,98031.0
257000.0,3,1.75,1800.0,7,3.0,53.0,0,98178.0
279000.0,3,1.0,1520.0,7,3.0,62.0,0,98125.0
225000.0,4,2.0,1750.0,7,4.0,40.0,0,98092.0
212644.0,3,1.0,1570.0,5,5.0,92.0,0,98010.0
85000.0,2,1.0,830.0,6,3.0,75.0,0,98032.0
235000.0,2,1.0,830.0,6,3.0,75.0,0,98032.0
295000.0,4,2.5,2030.0,8,3.0,14.0,0,98042.0
269950.0,3,2.0,1660.0,8,4.0,27.0,0,98042.0
217500.0,3,1.0,1040.0,7,3.0,56.0,0,98188.0
270000.0,4,1.75,1850.0,7,3.0,49.0,0,98001.0
125000.0,3,1.0,920.0,6,3.0,54.0,0,98002.0
208000.0,3,1.0,920.0,6,3.0,55.0,0,98002.0
218000.0,4,1.0,1640.0,7,3.0,51.0,0,98023.0
196700.0,2,1.0,1090.0,7,3.0,60.0,0,98168.0
254000.0,3,1.0,1160.0,6,4.0,56.0,0,98058.0
260000.0,4,2.5,2110.0,8,3.0,37.0,0,98058.0
166000.0,2,1.0,870.0,6,4.0,71.0,0,98178.0
285000.0,3,2.25,1840.0,8,3.0,36.0,0,98023.0
185000.0,4,1.0,1760.0,7,3.0,48.0,0,98055.0
150000.0,3,1.5,1230.0,6,4.0,65.0,0,98168.0
247800.0,3,2.5,1580.0,7,3.0,11.0,0,98118.0
229900.0,4,1.75,1550.0,7,4.0,47.0,0,98030.0
245000.0,5,1.5,2000.0,6,3.0,69.0,0,98168.0
216000.0,3,1.0,1730.0,7,4.0,53.0,0,98198.0
276200.0,3,2.5,1480.0,7,3.0,28.0,0,98023.0
268450.0,5,2.25,2200.0,7,4.0,51.0,0,98023.0
134000.0,3,1.0,1270.0,6,4.0,72.0,0,98168.0
265000.0,2,1.0,1600.0,7,3.0,67.0,0,98155.0
180000.0,3,1.0,1280.0,6,5.0,45.0,0,98042.0
285000.0,3,2.5,1590.0,7,3.0,30.0,0,98001.0
185000.0,5,1.0,1590.0,6,3.0,72.0,0,98146.0
269000.0,2,1.5,1010.0,7,4.0,91.0,0,98178.0
209950.0,4,1.0,1630.0,6,3.0,52.0,0,98023.0
242500.0,3,1.0,1020.0,6,3.0,73.0,0,98155.0
109000.0,2,0.5,580.0,5,3.0,74.0,0,98118.0
294950.0,2,1.0,1060.0,7,3.0,63.0,0,98155.0
170500.0,3,1.0,1640.0,7,3.0,54.0,0,98198.0
239950.0,3,2.5,1560.0,7,4.0,41.0,0,98001.0
240000.0,3,2.0,1310.0,7,3.0,24.0,0,98042.0
290000.0,4,2.25,1900.0,7,4.0,55.0,0,98032.0
265000.0,3,1.0,1620.0,7,3.0,86.0,0,98168.0
262500.0,5,2.25,1950.0,7,3.0,35.0,0,98003.0
285000.0,4,2.25,1970.0,8,3.0,36.0,0,98092.0
290000.0,3,2.5,2020.0,7,3.0,10.0,0,98058.0
292000.0,3,2.5,1560.0,8,3.0,15.0,0,98059.0
213000.0,2,1.0,750.0,6,3.0,77.0,0,98055.0
202000.0,1,0.75,590.0,6,3.0,70.0,0,98118.0
250000.0,3,1.0,1040.0,7,4.0,59.0,0,98166.0
227950.0,3,1.5,1120.0,7,4.0,51.0,0,98031.0
226500.0,3,2.0,1560.0,7,4.0,46.0,0,98001.0
250000.0,4,2.0,2170.0,6,5.0,95.0,0,98002.0
148226.0,3,1.0,1400.0,7,4.0,46.0,0,98092.0
150000.0,3,1.0,1320.0,7,3.0,55.0,0,98198.0
150000.0,2,1.0,820.0,7,3.0,60.0,0,98168.0
230000.0,2,1.0,1080.0,6,3.0,56.0,0,98058.0
205000.0,3,1.0,1010.0,7,4.0,46.0,0,98002.0
245000.0,2,1.0,860.0,7,3.0,66.0,0,98155.0
184500.0,3,1.5,1280.0,6,3.0,32.0,0,98002.0
269000.0,2,2.0,1540.0,8,3.0,29.0,0,98023.0
209000.0,3,1.0,920.0,6,4.0,46.0,0,98042.0
195000.0,2,1.0,1280.0,6,4.0,101.0,0,98002.0
290500.0,4,2.5,1680.0,7,3.0,12.0,0,98178.0
248000.0,4,3.0,2163.0,7,3.0,8.0,0,98001.0
253000.0,3,2.0,1290.0,7,5.0,24.0,0,98042.0
280000.0,3,1.75,1630.0,7,4.0,43.0,0,98045.0
198000.0,2,1.0,790.0,7,3.0,63.0,0,98188.0
266200.0,3,1.5,1430.0,7,4.0,48.0,0,98059.0
95000.0,2,1.0,1070.0,6,2.0,66.0,0,98058.0
278000.0,3,2.25,1590.0,7,3.0,29.0,0,98058.0
244615.0,3,2.5,2060.0,7,3.0,15.0,0,98032.0
267500.0,3,2.25,2080.0,7,3.0,11.0,0,98042.0
220000.0,4,1.5,1180.0,7,5.0,46.0,0,98092.0
250000.0,3,1.5,1170.0,7,3.0,52.0,0,98028.0
295832.0,5,1.0,1410.0,7,5.0,59.0,0,98198.0
285000.0,3,1.75,1560.0,7,4.0,47.0,0,98031.0
288000.0,3,1.5,1300.0,7,4.0,47.0,0,98055.0
178500.0,2,1.0,930.0,8,4.0,36.0,0,98198.0
300000.0,4,2.0,1580.0,7,5.0,49.0,0,98198.0
245000.0,4,1.5,1850.0,7,4.0,54.0,0,98198.0
216000.0,3,1.75,1310.0,6,4.0,30.0,0,98092.0
257700.0,4,2.25,1600.0,7,4.0,28.0,0,98038.0
278000.0,3,1.0,1230.0,7,3.0,37.0,0,98045.0
300000.0,3,2.5,2240.0,7,3.0,11.0,0,98092.0
269100.0,3,2.5,2190.0,8,3.0,20.0,0,98092.0
280500.0,3,2.25,1620.0,7,3.0,25.0,0,98038.0
274900.0,4,1.75,1840.0,7,3.0,24.0,0,98023.0
222000.0,3,1.0,990.0,7,4.0,57.0,0,98002.0
300000.0,3,2.5,1640.0,7,3.0,20.0,0,98031.0
260000.0,3,2.5,1770.0,7,3.0,10.0,0,98055.0
135000.0,2,1.0,830.0,6,3.0,71.0,0,98146.0
238000.0,3,1.5,1360.0,7,4.0,39.0,0,98001.0
251000.0,4,2.0,1650.0,7,5.0,42.0,0,98178.0
265000.0,3,2.25,1510.0,7,4.0,29.0,0,98042.0
226750.0,3,1.75,1070.0,7,3.0,23.0,0,98023.0
205000.0,3,0.75,1080.0,5,3.0,66.0,0,98146.0
287000.0,2,1.0,950.0,7,3.0,64.0,0,98106.0
194000.0,3,1.0,1050.0,7,3.0,31.0,0,98023.0
265000.0,3,1.0,1800.0,7,5.0,57.0,0,98056.0
200000.0,2,1.75,910.0,6,3.0,11.0,0,98038.0
289571.0,3,1.5,1340.0,7,3.0,47.0,0,98059.0
207000.0,2,1.5,1068.0,7,3.0,24.0,0,98028.0
240000.0,3,2.5,1520.0,7,3.0,21.0,0,98092.0
210000.0,3,1.5,1160.0,7,4.0,56.0,0,98059.0
92000.0,2,1.0,760.0,5,3.0,67.0,0,98168.0
250000.0,3,2.0,1660.0,7,3.0,29.0,0,98001.0
200000.0,2,1.0,830.0,6,2.0,95.0,0,98118.0
209000.0,3,1.75,1250.0,7,4.0,47.0,0,98001.0
281000.0,3,1.0,1300.0,6,4.0,55.0,0,98065.0
218500.0,3,1.75,1390.0,7,4.0,28.0,0,98092.0
175000.0,3,1.0,1030.0,7,4.0,55.0,0,98023.0
299000.0,3,2.5,1650.0,8,3.0,3.0,0,98038.0
229500.0,3,1.5,1810.0,7,4.0,60.0,0,98001.0
265000.0,3,2.25,1450.0,7,4.0,51.0,0,98003.0
292000.0,3,1.75,1320.0,7,3.0,26.0,0,98168.0
275000.0,3,1.75,1180.0,8,4.0,22.0,0,98038.0
250000.0,3,2.25,1560.0,7,3.0,17.0,0,98168.0
213950.0,3,1.0,1430.0,6,3.0,46.0,0,98023.0
232000.0,3,1.5,1390.0,7,4.0,51.0,0,98031.0
207000.0,3,1.0,990.0,6,4.0,56.0,0,98002.0
175000.0,2,1.0,660.0,6,3.0,99.0,0,98106.0
291000.0,4,2.5,1580.0,7,4.0,30.0,0,98042.0
238950.0,2,1.0,1190.0,7,3.0,63.0,0,98178.0
255000.0,3,1.0,1710.0,7,4.0,42.0,0,98001.0
210750.0,4,1.5,1840.0,7,3.0,58.0,0,98106.0
299950.0,3,1.75,1790.0,9,3.0,36.0,0,98023.0
297262.0,3,2.5,1730.0,8,3.0,21.0,0,98003.0
241000.0,2,1.75,1070.0,7,3.0,19.0,0,98014.0
201000.0,3,1.0,1460.0,7,4.0,45.0,0,98042.0
110700.0,2,1.0,680.0,6,3.0,73.0,0,98188.0
245000.0,3,2.0,1700.0,7,3.0,18.0,0,98022.0
294900.0,3,2.25,1500.0,7,3.0,47.0,0,98055.0
199500.0,4,2.0,1750.0,5,4.0,71.0,0,98056.0
247000.0,4,2.0,1750.0,5,4.0,71.0,0,98056.0
215000.0,3,1.0,1060.0,7,3.0,54.0,1,98058.0
300000.0,3,2.0,1050.0,7,3.0,28.0,0,98019.0
235000.0,3,1.75,1200.0,7,4.0,54.0,0,98002.0
272000.0,4,2.25,2115.0,7,3.0,16.0,0,98002.0
291000.0,4,2.25,1890.0,8,4.0,35.0,0,98003.0
294000.0,2,1.0,850.0,7,4.0,64.0,0,98133.0
170000.0,2,1.0,810.0,6,4.0,55.0,0,98023.0
279900.0,2,1.75,1360.0,6,3.0,58.0,1,98019.0
137900.0,3,1.75,1160.0,6,3.0,73.0,0,98178.0
271000.0,4,1.5,1800.0,7,4.0,38.0,0,98045.0
280000.0,4,2.5,2400.0,8,3.0,10.0,0,98001.0
283000.0,2,1.0,940.0,5,4.0,73.0,0,98103.0
282000.0,3,2.25,2420.0,8,4.0,47.0,0,98023.0
178000.0,4,1.5,1200.0,6,4.0,45.0,0,98092.0
262500.0,3,1.75,1470.0,7,3.0,25.0,0,98031.0
299990.0,3,2.5,1870.0,8,3.0,25.0,0,98023.0
280000.0,3,2.5,1580.0,7,3.0,21.0,0,98055.0
300000.0,3,1.0,2120.0,7,4.0,47.0,0,98059.0
190000.0,4,1.0,1190.0,6,3.0,64.0,0,98126.0
186000.0,3,1.75,1460.0,7,3.0,38.0,0,98023.0
235000.0,2,1.0,860.0,6,3.0,72.0,0,98024.0
207100.0,2,1.0,1000.0,6,3.0,98.0,0,98055.0
268500.0,4,1.75,1820.0,7,3.0,55.0,0,98032.0
250000.0,3,2.0,1470.0,6,4.0,72.0,0,98030.0
280000.0,3,2.5,1370.0,7,3.0,21.0,0,98045.0
265000.0,3,1.75,1330.0,7,3.0,32.0,0,98188.0
245000.0,2,1.0,1500.0,7,3.0,88.0,0,98133.0
298000.0,2,1.0,850.0,5,3.0,108.0,0,98055.0
299000.0,2,1.0,710.0,6,5.0,73.0,0,98126.0
290000.0,3,2.5,2360.0,8,3.0,24.0,0,98022.0
299900.0,4,2.5,2200.0,8,3.0,11.0,0,98042.0
195000.0,3,1.5,1430.0,7,4.0,37.0,0,98042.0
272000.0,4,2.25,2040.0,8,4.0,36.0,0,98023.0
300000.0,3,1.75,1210.0,7,3.0,39.0,0,98058.0
289950.0,4,3.0,2040.0,8,3.0,22.0,0,98092.0
219000.0,3,1.5,1060.0,7,4.0,52.0,0,98023.0
265000.0,4,3.0,1940.0,7,4.0,66.0,0,98155.0
200000.0,3,1.0,930.0,6,3.0,72.0,0,98166.0
255000.0,3,1.0,1440.0,7,3.0,50.0,0,98168.0
251750.0,3,2.0,1320.0,7,5.0,39.0,0,98031.0
220000.0,4,1.75,1910.0,7,3.0,29.0,0,98030.0
253000.0,3,1.75,1570.0,7,4.0,43.0,0,98031.0
215000.0,3,1.0,1160.0,6,4.0,45.0,0,98038.0
232500.0,3,1.0,1320.0,6,3.0,53.0,0,98023.0
234000.0,2,2.0,1200.0,6,3.0,11.0,0,98038.0
256750.0,3,2.5,1990.0,7,3.0,45.0,0,98042.0
256000.0,3,2.5,1570.0,7,3.0,19.0,0,98001.0
165000.0,3,1.5,1250.0,7,4.0,36.0,0,98032.0
220000.0,3,1.5,1280.0,7,4.0,53.0,0,98031.0
290000.0,3,2.0,1700.0,7,3.0,28.0,0,98038.0
272000.0,4,2.25,1800.0,7,3.0,23.0,0,98022.0
285000.0,3,1.75,1020.0,6,5.0,60.0,0,98118.0
280000.0,4,2.0,1600.0,7,3.0,21.0,0,98003.0
225000.0,3,2.0,1320.0,7,3.0,28.0,0,98023.0
276000.0,3,2.0,1450.0,7,3.0,16.0,0,98042.0
260000.0,3,2.5,1420.0,7,4.0,51.0,0,98032.0
300000.0,3,2.75,2090.0,8,3.0,27.0,0,98023.0
209000.0,3,1.0,1330.0,7,3.0,38.0,0,98023.0
230000.0,5,2.0,1910.0,6,4.0,63.0,0,98178.0
230000.0,3,2.0,1310.0,7,3.0,27.0,0,98038.0
255000.0,3,1.0,1580.0,7,3.0,52.0,0,98198.0
240000.0,3,1.0,1090.0,6,3.0,53.0,0,98014.0
264950.0,4,1.0,1810.0,7,2.0,55.0,0,98168.0
229950.0,3,2.0,1410.0,7,3.0,31.0,0,98058.0
295000.0,4,3.0,2120.0,8,3.0,50.0,0,98007.0
225000.0,3,1.75,1580.0,7,4.0,47.0,0,98003.0
260000.0,4,1.0,1740.0,7,4.0,52.0,0,98058.0
295000.0,3,2.5,1560.0,7,3.0,11.0,0,98038.0
269950.0,3,1.75,1760.0,7,4.0,58.0,0,98002.0
221000.0,3,1.0,910.0,7,3.0,48.0,0,98148.0
255000.0,3,1.75,1700.0,7,3.0,27.0,0,98030.0
300000.0,4,2.5,2620.0,7,3.0,6.0,0,98042.0
270000.0,3,2.25,1500.0,7,4.0,42.0,0,98058.0
246900.0,3,1.5,1370.0,7,5.0,47.0,0,98001.0
215000.0,3,1.0,1190.0,7,5.0,46.0,0,98042.0
150000.0,2,1.5,1360.0,7,4.0,36.0,0,98092.0
199950.0,2,1.75,870.0,6,4.0,68.0,0,98001.0
245700.0,3,2.25,1640.0,8,3.0,46.0,0,98032.0
257000.0,3,1.75,1330.0,7,4.0,26.0,0,98092.0
205000.0,2,1.0,1060.0,6,3.0,73.0,0,98168.0
270000.0,1,1.0,720.0,7,3.0,103.0,0,98103.0
236000.0,3,1.75,1300.0,7,3.0,47.0,0,98003.0
278000.0,2,2.5,1420.0,7,3.0,10.0,0,98059.0
219950.0,2,1.0,990.0,7,3.0,66.0,0,98178.0
182000.0,3,2.25,1960.0,7,3.0,49.0,0,98003.0
203700.0,2,1.0,770.0,6,3.0,101.0,1,98072.0
230000.0,2,1.0,800.0,5,4.0,73.0,0,98058.0
128000.0,3,1.0,910.0,7,3.0,59.0,0,98003.0
273000.0,3,1.0,1560.0,7,3.0,60.0,0,98188.0
279000.0,3,1.0,1010.0,6,3.0,67.0,0,98155.0
240000.0,2,1.5,1078.0,7,3.0,24.0,0,98028.0
285000.0,2,1.0,890.0,7,3.0,72.0,0,98125.0
300000.0,4,1.75,2080.0,8,4.0,47.0,0,98032.0
205000.0,3,1.75,1170.0,7,3.0,33.0,0,98042.0
245000.0,3,1.75,1260.0,7,3.0,20.0,0,98038.0
202000.0,2,1.0,740.0,5,4.0,69.0,0,98168.0
270000.0,4,2.5,1670.0,7,3.0,54.0,0,98168.0
289000.0,2,1.5,1010.0,7,3.0,7.0,0,98118.0
240000.0,3,1.5,1460.0,6,4.0,38.0,0,98010.0
246950.0,3,3.5,1790.0,7,3.0,8.0,0,98108.0
198400.0,3,1.0,1040.0,7,4.0,52.0,0,98042.0
292500.0,2,1.0,750.0,6,4.0,72.0,0,98126.0
275900.0,3,1.75,1380.0,7,3.0,48.0,0,98003.0
275000.0,4,1.75,1690.0,7,3.0,57.0,0,98178.0
233000.0,4,2.0,2130.0,7,4.0,47.0,0,98001.0
290000.0,4,2.0,1560.0,6,5.0,73.0,1,98168.0
165000.0,3,1.0,1120.0,6,3.0,97.0,0,98146.0
213400.0,3,1.5,1150.0,7,4.0,51.0,0,98055.0
275000.0,4,2.25,2490.0,8,3.0,37.0,0,98023.0
299880.0,3,2.5,1460.0,7,3.0,14.0,0,98108.0
300000.0,4,2.5,2070.0,8,3.0,11.0,0,98092.0
253500.0,3,1.0,1220.0,6,5.0,55.0,0,98022.0
106000.0,1,1.0,560.0,5,3.0,67.0,0,98146.0
189000.0,2,2.0,1700.0,5,5.0,87.0,0,98002.0
273000.0,3,2.25,1830.0,8,3.0,28.0,0,98092.0
277700.0,2,1.5,1240.0,8,3.0,47.0,0,98008.0
299900.0,3,2.25,2100.0,7,3.0,30.0,0,98001.0
235000.0,3,1.0,1250.0,7,4.0,55.0,0,98056.0
281000.0,3,1.75,1690.0,7,4.0,27.0,0,98023.0
282000.0,4,2.0,1890.0,7,3.0,17.0,0,98030.0
245000.0,3,1.75,1480.0,7,4.0,34.0,0,98023.0
250000.0,3,1.75,1480.0,7,4.0,34.0,0,98023.0
216650.0,3,3.5,1480.0,7,3.0,7.0,0,98109.0
228900.0,4,1.5,1570.0,7,3.0,71.0,0,98166.0
300000.0,3,2.0,1550.0,8,4.0,49.0,0,98055.0
275000.0,3,1.5,1170.0,7,3.0,7.0,0,98126.0
290000.0,3,1.75,1590.0,7,3.0,34.0,0,98038.0
199000.0,3,2.5,1750.0,7,3.0,22.0,0,98038.0
279900.0,4,2.5,1770.0,7,3.0,14.0,0,98042.0
268000.0,3,1.75,1980.0,8,3.0,36.0,0,98023.0
245000.0,2,1.0,870.0,6,3.0,73.0,0,98106.0
265000.0,2,2.0,1650.0,6,5.0,73.0,0,98146.0
195000.0,3,2.0,1230.0,6,3.0,55.0,0,98168.0
255000.0,5,1.75,1970.0,7,5.0,37.0,0,98002.0
225000.0,2,1.0,1040.0,7,5.0,68.0,0,98003.0
240000.0,4,1.75,2020.0,7,3.0,60.0,0,98168.0
229050.0,1,1.0,420.0,4,4.0,66.0,0,98136.0
250000.0,1,1.0,800.0,6,2.0,83.0,0,98168.0
156000.0,2,1.75,590.0,5,2.0,67.0,0,98118.0
254500.0,4,2.75,2570.0,8,3.0,16.0,0,98092.0
210000.0,3,2.5,1610.0,7,3.0,21.0,0,98030.0
265000.0,2,1.0,1290.0,7,3.0,6.0,0,98053.0
283000.0,3,1.0,890.0,6,4.0,60.0,0,98056.0
192500.0,3,1.0,1080.0,6,3.0,114.0,0,98168.0
264500.0,4,2.25,2060.0,7,4.0,52.0,0,98023.0
290000.0,3,2.0,1310.0,7,3.0,27.0,0,98038.0
252000.0,3,1.5,1150.0,7,3.0,59.0,0,98166.0
299999.0,3,2.5,2380.0,8,3.0,14.0,0,98001.0
240000.0,3,1.75,1240.0,6,3.0,27.0,0,98042.0
194000.0,3,1.0,1400.0,7,3.0,50.0,0,98055.0
258950.0,3,1.75,1440.0,8,3.0,29.0,0,98023.0
185000.0,3,1.5,1280.0,6,4.0,29.0,0,98002.0
286500.0,3,2.0,1840.0,7,4.0,40.0,0,98003.0
259875.0,3,1.0,1250.0,6,3.0,44.0,0,98053.0
188000.0,1,1.0,550.0,4,3.0,69.0,0,98106.0
255000.0,3,1.0,1250.0,6,4.0,39.0,0,98045.0
216000.0,3,1.75,1580.0,7,4.0,37.0,0,98042.0
238000.0,3,2.0,1020.0,7,3.0,10.0,0,98126.0
275000.0,4,1.5,1610.0,6,3.0,45.0,0,98198.0
299999.0,4,2.0,1640.0,6,5.0,70.0,0,98166.0
254000.0,3,2.0,1470.0,7,4.0,23.0,0,98038.0
178500.0,3,1.0,900.0,6,4.0,54.0,0,98001.0
270000.0,3,1.75,2840.0,7,4.0,38.0,0,98042.0
198000.0,3,1.5,1430.0,7,3.0,34.0,0,98023.0
250000.0,2,1.0,1420.0,7,3.0,61.0,0,98166.0
190000.0,2,2.5,1370.0,7,3.0,27.0,0,98188.0
272000.0,1,0.75,1040.0,7,3.0,24.0,0,98178.0
255000.0,4,1.0,1250.0,7,3.0,60.0,0,98148.0
255000.0,2,2.0,1140.0,7,2.0,60.0,0,98148.0
300000.0,3,1.75,1730.0,7,4.0,39.0,0,98031.0
255000.0,1,0.5,880.0,6,3.0,104.0,0,98126.0
244000.0,3,2.5,1470.0,7,3.0,23.0,0,98155.0
218000.0,3,1.0,980.0,7,3.0,58.0,0,98168.0
205000.0,4,1.75,1850.0,7,4.0,42.0,0,98042.0
205000.0,3,2.5,1600.0,7,2.0,22.0,0,98042.0
210000.0,3,1.5,1920.0,6,3.0,61.0,0,98038.0
299950.0,2,1.5,1390.0,7,3.0,10.0,0,98133.0
245000.0,3,2.0,1470.0,8,4.0,40.0,0,98023.0
191950.0,2,2.5,1390.0,7,3.0,28.0,0,98003.0
250000.0,3,2.25,1640.0,7,4.0,96.0,1,98002.0
294000.0,3,3.0,1670.0,7,3.0,86.0,1,98055.0
265000.0,3,1.5,1560.0,7,5.0,53.0,0,98022.0
219950.0,3,1.5,1200.0,7,3.0,50.0,0,98188.0
170000.0,3,1.0,1250.0,7,3.0,56.0,0,98188.0
208417.0,2,1.0,840.0,5,3.0,76.0,0,98108.0
255000.0,3,2.5,1720.0,8,3.0,16.0,0,98092.0
215000.0,3,1.0,1180.0,7,4.0,44.0,0,98031.0
295000.0,2,1.0,720.0,6,4.0,72.0,0,98106.0
245000.0,3,2.25,1350.0,7,3.0,34.0,0,98032.0
126000.0,1,1.0,610.0,5,3.0,92.0,0,98055.0
299950.0,3,2.5,1780.0,7,3.0,3.0,0,98038.0
206000.0,3,1.0,1320.0,7,4.0,47.0,0,98092.0
250000.0,3,2.0,1440.0,7,3.0,28.0,0,98038.0
160000.0,4,2.25,1800.0,7,3.0,53.0,0,98055.0
206000.0,2,1.0,810.0,6,5.0,70.0,0,98168.0
232000.0,3,1.5,1460.0,7,3.0,48.0,0,98001.0
168000.0,3,1.5,1370.0,6,4.0,51.0,0,98055.0
238000.0,3,1.5,1370.0,6,4.0,52.0,0,98055.0
260000.0,3,2.5,1500.0,8,3.0,17.0,0,98092.0
289950.0,3,1.0,1090.0,6,3.0,67.0,1,98155.0
265000.0,3,1.75,1450.0,7,4.0,24.0,0,98038.0
240000.0,2,1.5,1670.0,7,4.0,73.0,1,98146.0
232000.0,4,2.0,1440.0,5,5.0,71.0,0,98056.0
237502.0,3,1.0,980.0,7,3.0,63.0,0,98126.0
218000.0,3,1.5,1140.0,6,5.0,45.0,0,98042.0
205000.0,3,1.5,1120.0,7,3.0,46.0,0,98042.0
256000.0,4,2.5,2050.0,7,3.0,12.0,0,98198.0
275000.0,3,1.0,1250.0,7,3.0,62.0,0,98125.0
170000.0,2,1.0,1200.0,7,2.0,38.0,0,98053.0
278750.0,2,2.0,800.0,6,4.0,78.0,0,98133.0
225000.0,3,1.0,660.0,5,4.0,75.0,0,98168.0
199400.0,2,1.0,880.0,6,4.0,98.0,0,98106.0
250000.0,3,2.25,1620.0,7,3.0,48.0,0,98055.0
206990.0,3,1.0,1330.0,6,5.0,38.0,0,98092.0
205000.0,3,2.0,1800.0,8,3.0,25.0,0,98092.0
249900.0,3,2.0,1220.0,7,3.0,20.0,0,98038.0
240000.0,4,2.0,1790.0,7,4.0,54.0,0,98198.0
199950.0,5,2.5,1740.0,7,4.0,55.0,0,98198.0
255000.0,4,2.25,1680.0,8,3.0,12.0,0,98092.0
289000.0,4,2.25,1930.0,8,4.0,40.0,0,98058.0
255000.0,3,2.25,1830.0,7,4.0,37.0,0,98042.0
154500.0,3,1.0,890.0,6,3.0,57.0,0,98148.0
220000.0,3,1.0,1130.0,7,3.0,56.0,0,98056.0
260000.0,2,1.0,820.0,6,4.0,96.0,0,98106.0
290000.0,2,1.0,960.0,6,3.0,96.0,0,98118.0
289900.0,3,1.75,1220.0,7,5.0,48.0,0,98058.0
215000.0,2,2.0,1180.0,6,3.0,10.0,0,98038.0
254000.0,2,1.0,910.0,6,3.0,71.0,0,98118.0
294400.0,4,2.5,1788.0,7,4.0,24.0,0,98002.0
255000.0,3,2.5,1610.0,7,3.0,20.0,0,98030.0
280500.0,3,1.5,1670.0,7,3.0,62.0,0,98148.0
239900.0,2,1.0,910.0,6,4.0,31.0,0,98045.0
271920.0,3,2.0,1410.0,7,3.0,30.0,0,98001.0
104950.0,2,1.0,1170.0,6,2.0,65.0,0,98146.0
260250.0,3,1.75,1490.0,7,4.0,22.0,0,98038.0
229000.0,4,2.25,2010.0,8,3.0,35.0,0,98023.0
250000.0,3,2.0,1680.0,7,4.0,62.0,0,98003.0
185000.0,5,1.75,1990.0,7,3.0,59.0,0,98023.0
201000.0,3,1.0,960.0,7,4.0,51.0,0,98022.0
286300.0,3,2.75,2000.0,8,3.0,51.0,0,98178.0
239950.0,3,1.75,1670.0,7,3.0,36.0,0,98023.0
249000.0,3,1.0,1090.0,6,4.0,64.0,0,98028.0
275000.0,3,1.5,1030.0,7,4.0,46.0,0,98056.0
185000.0,3,1.75,1500.0,7,3.0,47.0,0,98092.0
175000.0,3,1.75,1430.0,6,2.0,58.0,0,98118.0
225000.0,4,1.5,1950.0,6,3.0,75.0,0,98188.0
250000.0,3,1.75,1140.0,7,4.0,31.0,0,98003.0
263000.0,3,2.25,1590.0,7,4.0,23.0,0,98003.0
185000.0,3,1.0,1240.0,7,4.0,55.0,0,98032.0
247000.0,3,2.5,1510.0,7,3.0,25.0,0,98003.0
289500.0,3,1.0,1200.0,7,2.0,68.0,0,98115.0
240000.0,3,2.0,1220.0,7,4.0,34.0,0,98059.0
257000.0,4,1.5,1400.0,7,3.0,39.0,0,98001.0
215000.0,3,2.0,1290.0,7,3.0,67.0,0,98168.0
270000.0,3,2.25,1420.0,7,4.0,30.0,0,98042.0
280000.0,3,2.25,1360.0,7,3.0,22.0,0,98045.0
140000.0,3,1.0,1090.0,7,4.0,59.0,0,98002.0
156000.0,1,0.75,470.0,4,3.0,68.0,0,98014.0
285000.0,3,1.75,1930.0,6,3.0,85.0,0,98065.0
216300.0,3,2.5,1650.0,8,3.0,29.0,0,98023.0
210000.0,4,2.25,1500.0,7,3.0,15.0,0,98001.0
249500.0,4,1.5,2120.0,7,4.0,38.0,0,98002.0
257000.0,3,1.75,1540.0,7,4.0,28.0,0,98042.0
299000.0,2,1.5,1160.0,7,3.0,32.0,0,98034.0
295000.0,2,1.0,1300.0,6,4.0,54.0,0,98070.0
218000.0,3,1.0,1020.0,7,3.0,58.0,0,98106.0
257500.0,2,2.0,1180.0,7,3.0,74.0,0,98125.0
290000.0,3,1.5,1040.0,7,4.0,59.0,0,98155.0
222000.0,3,1.0,1220.0,7,3.0,61.0,0,98106.0
279900.0,3,1.75,1580.0,7,3.0,26.0,0,98003.0
250000.0,3,1.5,2390.0,7,2.0,77.0,1,98059.0
267300.0,3,1.75,1890.0,7,4.0,50.0,0,98092.0
151100.0,3,1.0,840.0,6,3.0,93.0,0,98146.0
251000.0,3,1.0,840.0,6,3.0,94.0,0,98146.0
247000.0,5,2.0,1590.0,7,5.0,53.0,0,98001.0
299500.0,3,1.0,1380.0,7,3.0,38.0,0,98045.0
219950.0,3,1.5,1650.0,7,3.0,47.0,0,98003.0
229000.0,1,1.0,600.0,6,3.0,95.0,0,98106.0
299000.0,5,2.5,1940.0,7,4.0,55.0,0,98155.0
231000.0,4,1.0,1220.0,6,5.0,75.0,0,98022.0
195000.0,3,1.0,1300.0,6,4.0,39.0,0,98092.0
200000.0,2,1.0,920.0,6,4.0,108.0,0,98118.0
290000.0,2,1.75,1700.0,8,3.0,42.0,0,98056.0
200000.0,2,1.0,860.0,6,5.0,65.0,0,98168.0
219950.0,3,1.0,1060.0,7,4.0,58.0,0,98188.0
300000.0,3,2.5,1590.0,7,3.0,14.0,0,98019.0
289000.0,3,2.5,2090.0,8,3.0,12.0,0,98042.0
240000.0,3,2.0,1300.0,7,4.0,31.0,0,98198.0
170000.0,4,1.75,1920.0,7,4.0,52.0,0,98198.0
225000.0,3,1.0,1040.0,6,3.0,67.0,0,98168.0
242000.0,3,1.75,1300.0,7,4.0,53.0,0,98003.0
260000.0,3,2.5,1520.0,7,3.0,28.0,0,98030.0
115000.0,1,2.0,1150.0,7,4.0,52.0,0,98001.0
227000.0,1,2.0,1150.0,7,4.0,52.0,0,98001.0
269500.0,2,1.5,1480.0,6,4.0,36.0,0,98056.0
250000.0,4,2.0,2120.0,7,4.0,54.0,0,98198.0
210000.0,2,1.5,880.0,7,3.0,7.0,0,98126.0
265500.0,3,1.0,1860.0,7,3.0,57.0,0,98198.0
180000.0,3,1.0,1090.0,7,3.0,86.0,0,98106.0
197400.0,3,2.0,1610.0,7,4.0,50.0,0,98003.0
267000.0,3,2.5,1760.0,8,4.0,28.0,0,98030.0
225000.0,3,1.0,1410.0,7,3.0,52.0,0,98058.0
128750.0,3,1.0,880.0,5,3.0,64.0,0,98002.0
255000.0,3,1.5,1060.0,7,3.0,41.0,1,98058.0
180000.0,3,1.0,1000.0,6,3.0,74.0,0,98146.0
156601.0,2,1.75,1210.0,7,3.0,31.0,0,98038.0
198000.0,3,1.75,1300.0,7,3.0,34.0,0,98001.0
185900.0,3,1.0,940.0,5,4.0,106.0,0,98001.0
280000.0,4,2.0,1710.0,8,5.0,38.0,0,98042.0
196000.0,3,2.25,1510.0,7,1.0,49.0,0,98028.0
270000.0,5,2.5,2140.0,7,4.0,48.0,0,98031.0
215000.0,5,1.5,1980.0,7,3.0,52.0,0,98058.0
259500.0,3,2.25,1490.0,7,3.0,22.0,0,98038.0
290000.0,3,1.0,960.0,7,4.0,59.0,0,98006.0
259950.0,2,1.0,770.0,6,3.0,66.0,0,98155.0
280000.0,3,1.0,980.0,6,3.0,66.0,0,98106.0
162248.0,2,1.0,800.0,6,4.0,71.0,0,98058.0
260000.0,3,1.0,940.0,6,3.0,66.0,0,98118.0
295000.0,4,2.0,1810.0,7,4.0,41.0,0,98024.0
175000.0,6,1.0,1370.0,6,3.0,83.0,0,98106.0
190000.0,3,1.0,1200.0,6,4.0,61.0,0,98002.0
160000.0,2,1.0,1140.0,8,3.0,35.0,0,98028.0
275000.0,3,1.5,1060.0,6,4.0,31.0,0,98106.0
290000.0,3,2.0,1260.0,7,3.0,28.0,0,98031.0
285000.0,2,1.0,790.0,6,2.0,59.0,0,98146.0
172000.0,3,1.0,1340.0,7,3.0,46.0,0,98003.0
107000.0,3,1.5,910.0,6,3.0,41.0,0,98106.0
232900.0,3,1.5,910.0,6,3.0,41.0,0,98106.0
248500.0,2,1.5,880.0,7,3.0,16.0,0,98133.0
207000.0,3,1.75,1180.0,6,4.0,57.0,0,98038.0
164000.0,3,1.0,1070.0,7,3.0,53.0,0,98092.0
207000.0,3,1.0,920.0,6,2.0,86.0,0,98125.0
237000.0,3,1.0,920.0,6,2.0,87.0,0,98125.0
204000.0,3,1.0,980.0,6,4.0,61.0,0,98198.0
258000.0,3,1.75,1620.0,7,3.0,26.0,0,98038.0
253500.0,2,1.0,810.0,7,3.0,66.0,0,98126.0
239000.0,2,2.0,1470.0,7,3.0,28.0,0,98003.0
235000.0,4,1.5,2070.0,7,4.0,50.0,0,98001.0
190848.0,4,1.5,1370.0,7,3.0,45.0,0,98001.0
230000.0,2,0.75,650.0,5,4.0,83.0,0,98133.0
148000.0,1,1.0,620.0,5,3.0,75.0,0,98106.0
244900.0,1,1.0,620.0,5,3.0,75.0,0,98106.0
214950.0,3,1.0,1400.0,6,3.0,60.0,0,98168.0
263000.0,3,1.5,1300.0,7,3.0,46.0,0,98055.0
230000.0,3,1.0,1360.0,7,4.0,34.0,0,98056.0
185000.0,3,1.0,1840.0,7,4.0,61.0,0,98166.0
236000.0,4,2.75,2000.0,7,3.0,17.0,0,98038.0
280000.0,3,2.25,1358.0,7,3.0,7.0,0,98133.0
225000.0,3,2.5,1750.0,7,4.0,35.0,0,98042.0
164000.0,4,1.0,1530.0,7,3.0,37.0,0,98042.0
229000.0,2,1.0,810.0,6,3.0,59.0,0,98133.0
287500.0,5,2.0,2020.0,7,4.0,79.0,0,98178.0
222900.0,2,1.0,1110.0,6,3.0,71.0,0,98178.0
257000.0,3,1.0,1450.0,7,5.0,104.0,0,98055.0
300000.0,3,1.5,1590.0,7,3.0,58.0,0,98028.0
222500.0,3,1.0,990.0,7,3.0,42.0,0,98042.0
275000.0,3,1.75,1300.0,7,4.0,38.0,0,98056.0
297000.0,3,2.5,1840.0,8,3.0,20.0,0,98003.0
238000.0,1,1.0,530.0,5,5.0,73.0,0,98103.0
234550.0,3,1.0,1990.0,7,3.0,68.0,0,98168.0
230500.0,3,2.25,1690.0,7,3.0,41.0,0,98003.0
162000.0,3,2.25,1810.0,7,3.0,37.0,0,98023.0
185000.0,3,1.0,1510.0,6,4.0,39.0,0,98001.0
260000.0,3,2.25,1610.0,7,4.0,25.0,0,98042.0
225205.0,3,1.0,1200.0,6,3.0,38.0,0,98030.0
282000.0,3,2.5,1610.0,7,4.0,21.0,0,98038.0
209977.0,3,1.0,1170.0,7,4.0,66.0,0,98168.0
174000.0,2,1.0,900.0,6,3.0,35.0,0,98001.0
242025.0,4,1.75,1400.0,7,4.0,79.0,0,98031.0
230000.0,3,1.0,880.0,7,3.0,36.0,0,98198.0
114000.0,2,1.0,730.0,6,3.0,86.0,0,98146.0
90000.0,2,1.0,790.0,7,3.0,41.0,0,98034.0
242000.0,4,1.0,2240.0,7,3.0,48.0,0,98146.0
213800.0,2,1.0,740.0,5,4.0,63.0,0,98056.0
184000.0,3,1.0,970.0,7,3.0,47.0,0,98001.0
299000.0,1,1.0,740.0,7,3.0,91.0,0,98118.0
215000.0,2,1.0,710.0,6,3.0,71.0,0,98178.0
205000.0,4,2.0,2200.0,6,3.0,70.0,0,98168.0
300000.0,3,2.25,2070.0,8,3.0,36.0,0,98042.0
288000.0,3,1.0,1410.0,7,4.0,53.0,0,98092.0
227490.0,3,1.75,1820.0,7,4.0,48.0,0,98003.0
291000.0,7,1.0,2350.0,7,3.0,52.0,0,98118.0
190000.0,3,1.0,1200.0,6,4.0,53.0,0,98023.0
225000.0,3,1.0,1290.0,7,4.0,48.0,0,98023.0
280000.0,4,1.0,1880.0,7,3.0,40.0,0,98178.0
209900.0,2,2.0,1180.0,6,3.0,10.0,0,98038.0
230000.0,3,1.75,1400.0,7,4.0,57.0,0,98031.0
265000.0,2,1.0,910.0,5,3.0,98.0,0,98117.0
269900.0,3,2.25,1740.0,7,4.0,51.0,0,98031.0
290000.0,3,1.75,1460.0,7,3.0,42.0,0,98028.0
158000.0,3,1.5,990.0,7,4.0,52.0,0,98003.0
150000.0,2,1.0,870.0,6,4.0,57.0,0,98056.0
261500.0,3,2.5,1740.0,7,3.0,24.0,0,98042.0
278000.0,4,2.5,2290.0,7,3.0,10.0,0,98198.0
227000.0,3,1.75,2380.0,6,1.0,96.0,0,98118.0
252000.0,3,2.0,1420.0,7,3.0,24.0,0,98023.0
260000.0,4,1.75,1830.0,7,2.0,52.0,0,98198.0
209950.0,3,1.5,2290.0,7,4.0,48.0,0,98042.0
290000.0,4,1.75,2340.0,8,3.0,54.0,0,98146.0
258500.0,3,2.5,1800.0,7,3.0,31.0,0,98003.0
230000.0,3,1.0,1190.0,7,3.0,59.0,0,98198.0
252000.0,3,1.5,1400.0,7,4.0,29.0,0,98038.0
245000.0,2,1.0,1020.0,6,3.0,82.0,0,98168.0
218000.0,2,1.5,2010.0,7,3.0,63.0,0,98178.0
243000.0,3,1.75,1200.0,7,5.0,40.0,0,98031.0
281000.0,2,1.0,1280.0,7,3.0,63.0,0,98178.0
130000.0,3,1.0,1100.0,7,4.0,102.0,0,98108.0
287000.0,3,1.0,1450.0,7,4.0,61.0,0,98118.0
287000.0,4,2.25,1980.0,7,3.0,38.0,0,98032.0
135000.0,3,1.0,1520.0,6,2.0,53.0,0,98023.0
210000.0,4,1.75,2180.0,8,3.0,64.0,0,98198.0
292000.0,4,2.75,2910.0,7,3.0,16.0,0,98002.0
245000.0,4,2.0,1580.0,7,3.0,47.0,0,98003.0
290000.0,4,2.5,2050.0,7,4.0,42.0,0,98058.0
170000.0,3,1.0,790.0,6,2.0,71.0,0,98178.0
199950.0,2,1.0,700.0,5,5.0,62.0,0,98056.0
207000.0,3,1.0,860.0,6,3.0,54.0,0,98178.0
225000.0,2,1.0,720.0,6,3.0,67.0,0,98126.0
282500.0,4,1.0,1170.0,6,4.0,73.0,0,98065.0
229950.0,3,1.75,1170.0,7,4.0,46.0,0,98042.0
149500.0,3,1.0,1010.0,7,4.0,55.0,0,98198.0
268000.0,5,2.5,2400.0,7,3.0,11.0,0,98042.0
191000.0,2,1.0,900.0,6,5.0,109.0,0,98108.0
242500.0,3,1.75,1550.0,7,3.0,9.0,0,98055.0
235000.0,3,1.0,1270.0,6,5.0,65.0,0,98055.0
145000.0,2,1.0,800.0,6,3.0,50.0,0,98033.0
291970.0,1,1.0,680.0,5,3.0,63.0,1,98058.0
166000.0,1,1.0,1120.0,7,3.0,26.0,0,98001.0
165000.0,3,1.0,1150.0,5,4.0,106.0,0,98001.0
229000.0,2,1.0,1190.0,6,3.0,73.0,0,98168.0
214000.0,3,1.0,1020.0,6,4.0,114.0,1,98010.0
249000.0,3,2.25,1440.0,7,3.0,32.0,0,98031.0
240000.0,3,1.0,1040.0,7,3.0,66.0,0,98055.0
240000.0,3,1.5,1360.0,7,5.0,30.0,0,98045.0
215150.0,3,1.0,920.0,6,4.0,46.0,0,98042.0
280000.0,3,2.5,1600.0,8,3.0,24.0,0,98042.0
132500.0,3,1.0,1080.0,7,3.0,47.0,0,98001.0
290000.0,2,1.0,850.0,7,3.0,66.0,0,98133.0
245000.0,4,1.0,1530.0,7,3.0,66.0,0,98178.0
255000.0,3,1.5,1320.0,7,3.0,58.0,0,98178.0
299000.0,3,1.0,960.0,7,3.0,59.0,0,98155.0
284000.0,3,1.0,1080.0,7,3.0,70.0,0,98133.0
235000.0,3,1.0,1020.0,6,3.0,66.0,0,98168.0
209000.0,2,1.0,1070.0,6,3.0,52.0,0,98168.0
285950.0,2,1.0,710.0,6,5.0,72.0,0,98146.0
230000.0,2,1.0,870.0,6,4.0,72.0,0,98106.0
226000.0,3,1.0,1520.0,7,3.0,60.0,0,98166.0
275000.0,3,1.75,1650.0,8,4.0,38.0,0,98023.0
290000.0,4,2.5,2000.0,7,4.0,46.0,0,98001.0
275000.0,2,1.75,2090.0,7,5.0,83.0,0,98188.0
173000.0,4,2.0,1200.0,7,5.0,58.0,0,98188.0
244500.0,2,1.75,1300.0,6,3.0,75.0,0,98168.0
206000.0,3,1.75,1140.0,7,4.0,46.0,0,98001.0
250000.0,3,1.75,1628.0,7,3.0,19.0,0,98092.0
246000.0,3,2.0,1990.0,7,3.0,65.0,0,98022.0
160000.0,3,2.25,1470.0,7,3.0,29.0,0,98003.0
269000.0,3,2.25,1470.0,7,3.0,30.0,0,98003.0
169500.0,3,1.0,1060.0,6,3.0,52.0,0,98023.0
245560.0,2,1.5,1260.0,7,3.0,57.0,0,98177.0
250000.0,3,1.75,1350.0,7,3.0,29.0,0,98003.0
291375.0,4,2.5,2220.0,7,3.0,13.0,0,98059.0
225000.0,3,1.0,1490.0,7,3.0,69.0,0,98133.0
250000.0,3,2.5,2070.0,8,4.0,24.0,0,98002.0
248500.0,2,1.0,780.0,7,4.0,57.0,0,98168.0
280000.0,5,2.0,2110.0,7,3.0,48.0,0,98118.0
200000.0,4,1.0,1020.0,6,4.0,93.0,0,98072.0
146000.0,3,1.0,900.0,6,3.0,45.0,1,98023.0
242500.0,3,1.0,940.0,6,3.0,55.0,0,98058.0
231500.0,2,1.0,1000.0,6,4.0,72.0,0,98056.0
300000.0,3,2.5,2080.0,8,3.0,25.0,0,98023.0
180000.0,3,1.0,1610.0,7,3.0,56.0,0,98032.0
245000.0,3,2.5,1460.0,7,3.0,25.0,0,98023.0
260000.0,5,1.0,1600.0,7,5.0,52.0,0,98031.0
295000.0,3,1.0,1380.0,7,4.0,51.0,0,98056.0
270000.0,3,2.5,1350.0,7,3.0,8.0,0,98106.0
285000.0,2,1.0,720.0,6,4.0,71.0,0,98126.0
295000.0,4,2.0,1650.0,7,3.0,51.0,0,98133.0
230000.0,3,1.5,1510.0,7,3.0,67.0,0,98198.0
300000.0,3,1.0,1010.0,7,3.0,57.0,0,98133.0
182700.0,3,2.25,1740.0,7,3.0,36.0,0,98023.0
266950.0,3,2.5,1920.0,7,3.0,9.0,0,98042.0
259250.0,3,1.0,940.0,6,3.0,68.0,0,98103.0
300000.0,3,1.0,1260.0,6,4.0,46.0,0,98014.0
174950.0,2,1.0,730.0,6,3.0,64.0,1,98198.0
300000.0,2,1.0,760.0,6,3.0,101.0,0,98144.0
201000.0,3,1.0,1010.0,5,5.0,53.0,0,98019.0
110000.0,1,1.0,640.0,5,2.0,94.0,0,98126.0
255000.0,3,1.5,1240.0,7,4.0,47.0,0,98058.0
252000.0,3,2.25,1670.0,7,4.0,37.0,0,98031.0
270000.0,4,2.5,1660.0,7,4.0,36.0,0,98198.0
155000.0,2,1.0,1010.0,5,3.0,24.0,0,98014.0
250000.0,3,1.0,990.0,6,3.0,65.0,0,98146.0
290000.0,2,1.0,950.0,6,5.0,71.0,0,98118.0
287200.0,3,3.0,1850.0,7,4.0,22.0,0,98038.0
300000.0,4,2.0,2360.0,7,3.0,59.0,0,98178.0
256900.0,3,2.5,1720.0,7,3.0,23.0,0,98031.0
219000.0,4,1.5,1370.0,7,3.0,53.0,0,98198.0
262500.0,4,2.75,1500.0,7,3.0,35.0,0,98032.0
255000.0,3,1.0,960.0,7,3.0,59.0,0,98155.0
260000.0,4,2.5,1990.0,7,3.0,25.0,0,98023.0
252500.0,2,1.5,1280.0,7,3.0,47.0,0,98058.0
240000.0,2,1.0,1320.0,7,3.0,49.0,0,98027.0
220000.0,4,1.0,1200.0,6,3.0,91.0,0,98106.0
225000.0,3,1.5,1390.0,6,4.0,38.0,0,98014.0
161000.0,4,2.0,1700.0,7,3.0,60.0,0,98168.0
220000.0,4,2.0,1700.0,7,3.0,61.0,0,98168.0
279500.0,3,1.5,1200.0,7,4.0,55.0,0,98146.0
245000.0,4,2.25,2050.0,7,3.0,38.0,0,98023.0
198900.0,2,1.0,1210.0,7,4.0,74.0,0,98042.0
259000.0,3,2.5,2740.0,7,4.0,51.0,0,98168.0
265000.0,3,2.5,1780.0,8,3.0,25.0,0,98092.0
240000.0,3,1.0,1550.0,7,4.0,53.0,0,98056.0
243800.0,3,1.0,1140.0,6,4.0,33.0,0,98027.0
150000.0,4,2.0,1460.0,6,3.0,55.0,0,98178.0
255000.0,2,1.0,1320.0,6,3.0,95.0,0,98108.0
279000.0,3,2.5,1920.0,7,3.0,26.0,0,98031.0
248000.0,3,1.0,1420.0,6,4.0,34.0,0,98030.0
299000.0,3,1.0,1200.0,7,3.0,59.0,0,98045.0
293500.0,3,2.5,1610.0,7,3.0,11.0,0,98038.0
260000.0,3,2.5,1850.0,7,3.0,46.0,0,98058.0
280000.0,2,1.0,790.0,6,3.0,68.0,0,98106.0
185000.0,3,1.5,1200.0,8,3.0,49.0,0,98055.0
290000.0,2,1.0,1250.0,7,5.0,57.0,0,98056.0
272000.0,2,1.0,670.0,6,4.0,73.0,0,98126.0
270000.0,3,2.5,1808.0,8,3.0,9.0,0,98001.0
272450.0,3,1.0,1350.0,7,3.0,61.0,0,98188.0
162000.0,4,1.0,1460.0,6,4.0,40.0,0,98010.0
241000.0,3,1.0,1020.0,7,3.0,34.0,0,98032.0
265000.0,3,2.25,1840.0,7,4.0,34.0,0,98031.0
246000.0,5,1.75,2030.0,7,4.0,57.0,0,98002.0
271000.0,4,1.75,1490.0,6,3.0,74.0,0,98146.0
270000.0,2,1.0,2060.0,7,3.0,52.0,0,98168.0
275000.0,3,2.0,1340.0,7,3.0,70.0,0,98052.0
220000.0,3,1.0,1000.0,6,4.0,81.0,0,98022.0
280000.0,4,2.5,2200.0,7,3.0,7.0,0,98042.0
248000.0,1,1.0,790.0,6,3.0,96.0,0,98118.0
210000.0,3,1.0,1040.0,7,3.0,58.0,0,98003.0
280000.0,3,2.25,1810.0,7,4.0,56.0,0,98056.0
252000.0,3,2.25,1740.0,7,3.0,33.0,0,98031.0
200000.0,2,1.0,1000.0,6,3.0,65.0,0,98168.0
235000.0,3,1.75,1520.0,6,4.0,44.0,0,98010.0
257500.0,3,1.0,1690.0,7,3.0,59.0,0,98148.0
299950.0,3,1.0,910.0,6,4.0,64.0,0,98177.0
234300.0,3,1.0,1140.0,7,3.0,52.0,0,98055.0
190000.0,2,1.0,930.0,6,3.0,68.0,0,98178.0
271675.0,3,1.75,2140.0,7,4.0,40.0,0,98092.0
227000.0,3,1.75,1510.0,7,3.0,25.0,0,98001.0
285000.0,3,1.5,1870.0,7,3.0,61.0,0,98168.0
246000.0,3,1.0,990.0,6,4.0,76.0,0,98146.0
260000.0,3,1.0,1910.0,7,3.0,61.0,0,98168.0
185000.0,3,1.75,1170.0,7,3.0,47.0,0,98023.0
235000.0,3,2.5,2350.0,8,4.0,48.0,0,98023.0
230000.0,3,1.0,1020.0,7,4.0,47.0,0,98058.0
240000.0,4,2.25,1830.0,7,3.0,23.0,0,98030.0
276000.0,3,2.0,1370.0,7,4.0,27.0,0,98003.0
269000.0,2,1.0,770.0,6,3.0,61.0,0,98155.0
122000.0,2,1.0,740.0,6,3.0,73.0,0,98126.0
249000.0,4,2.0,1280.0,6,5.0,55.0,0,98058.0
275000.0,3,1.5,1320.0,7,4.0,55.0,0,98056.0
294000.0,3,2.25,1700.0,7,3.0,31.0,0,98042.0
265000.0,2,1.0,770.0,6,3.0,71.0,0,98106.0
292500.0,3,2.25,1690.0,7,3.0,28.0,0,98198.0
230000.0,6,1.5,1810.0,5,4.0,109.0,0,98055.0
257000.0,2,1.0,1000.0,6,3.0,86.0,0,98118.0
295500.0,3,1.75,1590.0,6,3.0,81.0,1,98168.0
200000.0,4,2.5,1720.0,8,3.0,21.0,0,98003.0
289950.0,3,2.5,1870.0,7,3.0,10.0,0,98059.0
207000.0,4,2.0,1690.0,7,4.0,47.0,0,98198.0
172380.0,3,1.0,970.0,6,4.0,53.0,0,98023.0
215000.0,2,1.0,1480.0,7,4.0,89.0,0,98022.0
220000.0,4,2.5,2240.0,7,4.0,26.0,0,98023.0
135000.0,4,1.0,1460.0,5,3.0,75.0,0,98146.0
229999.0,4,2.0,1670.0,7,4.0,37.0,0,98042.0
233000.0,3,1.0,1100.0,7,3.0,59.0,0,98188.0
249900.0,3,2.5,1630.0,7,3.0,36.0,0,98031.0
200000.0,2,1.0,1250.0,6,3.0,86.0,0,98126.0
230000.0,3,1.0,1390.0,5,3.0,60.0,0,98056.0
265000.0,5,1.5,1500.0,6,5.0,94.0,0,98166.0
295000.0,2,1.0,840.0,6,3.0,63.0,0,98155.0
250000.0,3,1.75,1200.0,6,5.0,60.0,0,98056.0
252000.0,3,1.0,1530.0,7,4.0,55.0,0,98059.0
260000.0,3,2.75,1730.0,7,3.0,40.0,0,98106.0
217500.0,3,1.75,1400.0,7,4.0,30.0,0,98003.0
290000.0,3,2.5,2200.0,7,3.0,12.0,0,98042.0
299000.0,3,2.5,1590.0,7,3.0,20.0,0,98118.0
289950.0,3,2.5,1960.0,7,3.0,10.0,0,98056.0
280000.0,3,1.75,1360.0,7,4.0,33.0,0,98058.0
279000.0,3,1.0,1530.0,7,3.0,62.0,0,98168.0
274000.0,3,1.75,1440.0,7,3.0,33.0,0,98055.0
260000.0,3,1.75,1750.0,8,3.0,46.0,0,98059.0
230000.0,3,1.5,1900.0,8,3.0,48.0,0,98023.0
294350.0,3,1.0,1410.0,6,3.0,89.0,0,98106.0
208950.0,3,1.0,960.0,5,4.0,58.0,0,98056.0
150000.0,2,1.0,1250.0,7,3.0,64.0,0,98002.0
210000.0,3,1.5,1400.0,7,4.0,50.0,0,98003.0
180000.0,2,1.0,1400.0,7,3.0,92.0,0,98055.0
240000.0,4,1.5,1780.0,8,4.0,65.0,0,98032.0
105500.0,2,1.0,930.0,5,1.0,82.0,0,98148.0
255000.0,3,2.0,1310.0,7,3.0,21.0,0,98042.0
252000.0,3,1.0,1300.0,6,3.0,68.0,0,98155.0
300000.0,4,2.5,2600.0,8,3.0,12.0,0,98001.0
240000.0,3,2.0,1400.0,6,3.0,66.0,0,98133.0
267500.0,3,2.25,1860.0,7,4.0,39.0,0,98092.0
201000.0,3,1.0,1220.0,7,4.0,42.0,0,98001.0
210000.0,2,1.0,1520.0,7,4.0,37.0,0,98092.0
265000.0,3,1.75,1170.0,7,3.0,62.0,0,98155.0
235000.0,3,1.0,2230.0,7,3.0,48.0,0,98118.0
300000.0,5,2.5,2093.0,7,5.0,51.0,0,98058.0
280000.0,5,2.5,1630.0,7,4.0,40.0,0,98042.0
295000.0,4,2.5,1677.0,7,3.0,4.0,0,98023.0
265000.0,3,2.5,1410.0,7,3.0,8.0,0,98146.0
157000.0,3,1.5,1170.0,7,3.0,54.0,0,98198.0
246500.0,3,1.5,1170.0,7,3.0,55.0,0,98198.0
300000.0,4,2.5,2680.0,8,3.0,15.0,0,98023.0
240000.0,3,1.75,1770.0,8,3.0,36.0,0,98023.0
249000.0,3,1.75,1300.0,7,4.0,50.0,0,98022.0
230000.0,2,2.0,1340.0,7,3.0,22.0,0,98022.0
265000.0,3,1.75,2200.0,8,3.0,52.0,0,98032.0
247200.0,3,1.5,1910.0,7,4.0,92.0,1,98002.0
180000.0,3,1.0,1010.0,6,4.0,24.0,0,98022.0
220000.0,4,1.75,1530.0,6,4.0,76.0,0,98002.0
275000.0,2,1.75,930.0,6,3.0,91.0,1,98106.0
231500.0,3,2.25,1630.0,7,4.0,41.0,0,98023.0
265000.0,4,1.75,1970.0,7,3.0,60.0,0,98178.0
252000.0,3,1.75,2050.0,7,3.0,27.0,0,98023.0
270000.0,3,2.5,1430.0,7,3.0,23.0,0,98022.0
272000.0,4,2.75,1810.0,7,4.0,34.0,0,98030.0
230000.0,3,1.5,1500.0,7,3.0,34.0,0,98031.0
86500.0,3,1.0,840.0,6,3.0,54.0,0,98023.0
199950.0,3,1.0,840.0,6,3.0,55.0,0,98023.0
102500.0,2,1.0,820.0,5,3.0,77.0,0,98106.0
216000.0,2,1.0,710.0,6,3.0,97.0,0,98106.0
263850.0,4,2.25,2300.0,8,4.0,36.0,0,98023.0
289000.0,2,1.0,1010.0,6,3.0,90.0,0,98106.0
293550.0,4,1.75,1250.0,7,4.0,35.0,0,98198.0
225000.0,2,2.5,1360.0,6,3.0,11.0,0,98038.0
185000.0,4,1.0,1400.0,7,3.0,58.0,0,98146.0
218500.0,4,1.75,1400.0,7,4.0,50.0,0,98042.0
191000.0,3,1.0,840.0,6,5.0,46.0,0,98042.0
220000.0,3,1.0,820.0,6,4.0,38.0,0,98042.0
253200.0,3,1.0,1360.0,5,4.0,62.0,0,98056.0
228000.0,2,1.0,1800.0,7,3.0,60.0,0,98030.0
300000.0,4,2.25,1660.0,7,3.0,4.0,0,98038.0
168000.0,2,1.5,1220.0,8,4.0,38.0,0,98198.0
215000.0,3,1.5,1100.0,7,3.0,47.0,0,98001.0
273500.0,4,2.75,1300.0,7,2.0,32.0,0,98042.0
257000.0,5,2.75,2930.0,9,3.0,12.0,0,98059.0
199000.0,2,1.0,720.0,6,5.0,71.0,0,98058.0
245000.0,3,1.5,1330.0,7,3.0,47.0,0,98034.0
280000.0,3,1.75,1770.0,7,4.0,36.0,0,98023.0
285000.0,3,1.75,1930.0,7,3.0,55.0,0,98055.0
300000.0,6,2.5,3080.0,7,3.0,29.0,0,98030.0
295000.0,4,2.25,1830.0,7,3.0,11.0,0,98030.0
199900.0,5,1.75,1798.0,7,3.0,47.0,0,98001.0
225500.0,3,1.0,1100.0,6,4.0,46.0,0,98042.0
207000.0,3,1.0,1980.0,7,4.0,71.0,0,98001.0
284000.0,3,2.25,2080.0,7,3.0,11.0,0,98042.0
243500.0,3,3.0,2110.0,6,3.0,33.0,0,98198.0
223000.0,3,1.0,940.0,6,3.0,53.0,0,98146.0
265000.0,2,2.0,1860.0,8,3.0,62.0,0,98178.0
230000.0,3,1.75,1520.0,8,3.0,47.0,0,98023.0
270000.0,3,1.5,1300.0,7,3.0,45.0,0,98030.0
197000.0,4,2.25,1790.0,7,3.0,36.0,0,98058.0
235500.0,3,1.5,1380.0,7,4.0,43.0,0,98003.0
240000.0,3,2.0,1460.0,7,3.0,47.0,0,98003.0
246000.0,3,1.5,1780.0,7,3.0,61.0,0,98168.0
269950.0,4,3.0,2390.0,7,4.0,70.0,1,98002.0
262500.0,3,1.75,2259.0,7,5.0,106.0,0,98001.0
280000.0,3,1.75,1590.0,6,4.0,88.0,0,98038.0
277500.0,3,2.5,2620.0,7,3.0,4.0,0,98022.0
267800.0,2,1.0,700.0,6,4.0,65.0,0,98155.0
212000.0,4,2.5,1900.0,7,3.0,75.0,1,98198.0
235000.0,3,1.0,1250.0,7,5.0,53.0,0,98042.0
200000.0,2,1.0,790.0,6,3.0,70.0,0,98178.0
190000.0,2,2.5,1100.0,8,3.0,8.0,0,98055.0
160000.0,2,1.0,1070.0,6,4.0,32.0,0,98002.0
130000.0,2,1.0,600.0,4,4.0,115.0,0,98027.0
229000.0,3,1.0,940.0,7,3.0,57.0,0,98056.0
279900.0,3,1.0,1280.0,6,3.0,72.0,0,98023.0
129000.0,2,1.0,760.0,6,3.0,65.0,0,98032.0
214950.0,3,1.75,1570.0,7,4.0,37.0,0,98042.0
230000.0,3,1.0,1060.0,7,4.0,58.0,0,98188.0
255000.0,3,1.0,1160.0,6,3.0,91.0,0,98146.0
295000.0,2,2.0,1590.0,7,3.0,31.0,0,98055.0
286000.0,2,1.0,1170.0,7,3.0,101.0,0,98136.0
170000.0,2,1.0,1300.0,7,3.0,53.0,0,98003.0
255000.0,3,1.0,1430.0,7,3.0,51.0,0,98056.0
289000.0,3,2.5,1970.0,7,3.0,26.0,0,98001.0
210000.0,3,1.0,920.0,6,3.0,66.0,0,98118.0
257500.0,3,1.5,1210.0,7,3.0,52.0,0,98146.0
202950.0,2,1.0,1060.0,6,5.0,45.0,0,98042.0
257000.0,2,1.0,770.0,6,3.0,64.0,0,98133.0
240000.0,3,1.0,1340.0,7,4.0,36.0,0,98042.0
169000.0,3,1.5,1470.0,6,4.0,98.0,0,98023.0
292000.0,3,1.75,1730.0,7,5.0,42.0,0,98031.0
289000.0,2,1.0,780.0,7,3.0,72.0,0,98136.0
284000.0,3,1.75,1430.0,7,3.0,36.0,0,98108.0
201000.0,4,1.5,1360.0,7,3.0,52.0,0,98168.0
300000.0,3,1.5,1810.0,8,3.0,27.0,0,98001.0
221000.0,3,1.0,980.0,7,3.0,60.0,0,98188.0
235000.0,4,2.0,1540.0,7,3.0,60.0,0,98118.0
294000.0,3,2.0,1650.0,7,4.0,57.0,0,98168.0
280000.0,4,2.25,1600.0,7,3.0,24.0,0,98022.0
260000.0,4,2.5,1790.0,7,3.0,21.0,0,98031.0
294000.0,3,1.5,2060.0,7,4.0,76.0,0,98023.0
255500.0,4,1.0,1370.0,5,5.0,114.0,0,98092.0
282500.0,2,1.75,1440.0,6,4.0,79.0,0,98146.0
270000.0,4,1.5,1730.0,7,4.0,54.0,0,98146.0
152000.0,2,1.0,700.0,4,3.0,94.0,0,98031.0
275000.0,2,1.0,910.0,6,3.0,105.0,0,98117.0
165000.0,3,1.0,910.0,6,4.0,71.0,0,98188.0
275000.0,3,1.0,1000.0,7,3.0,45.0,0,98034.0
229950.0,2,1.0,920.0,6,3.0,70.0,0,98178.0
274950.0,3,2.0,1410.0,7,4.0,32.0,0,98042.0
219950.0,2,1.0,940.0,7,5.0,59.0,0,98022.0
275000.0,2,2.5,1340.0,7,3.0,26.0,0,98028.0
229950.0,2,1.0,850.0,6,3.0,91.0,0,98178.0
300000.0,4,2.0,2050.0,7,3.0,47.0,0,98058.0
260000.0,3,1.75,1460.0,8,4.0,48.0,0,98092.0
295000.0,4,1.0,980.0,7,4.0,101.0,0,98144.0
225000.0,4,1.0,1410.0,7,3.0,51.0,0,98032.0
290000.0,3,1.75,1390.0,7,3.0,35.0,0,98045.0
290000.0,2,1.0,900.0,7,3.0,16.0,0,98144.0
212000.0,3,2.25,1900.0,7,4.0,47.0,0,98023.0
279000.0,3,2.0,1640.0,7,3.0,11.0,0,98042.0
228950.0,4,3.0,2160.0,7,3.0,36.0,0,98042.0
275000.0,3,2.25,1640.0,7,3.0,18.0,0,98002.0
230000.0,3,1.75,950.0,6,3.0,75.0,0,98108.0
179500.0,3,1.0,900.0,6,4.0,56.0,0,98002.0
286000.0,3,2.5,1800.0,7,3.0,9.0,0,98042.0
205000.0,3,1.0,970.0,7,4.0,56.0,0,98032.0
299000.0,1,2.5,1980.0,7,4.0,36.0,0,98055.0
199950.0,3,1.0,1010.0,7,3.0,45.0,0,98003.0
245000.0,3,1.75,1920.0,7,3.0,30.0,0,98001.0
199000.0,4,1.0,1220.0,7,4.0,54.0,0,98001.0
280000.0,3,2.5,1580.0,8,3.0,22.0,0,98030.0
273000.0,3,2.25,1230.0,7,4.0,23.0,0,98022.0
289950.0,4,2.25,2190.0,7,4.0,38.0,0,98023.0
241450.0,3,1.0,1100.0,7,3.0,65.0,0,98155.0
234000.0,4,2.0,1710.0,7,3.0,39.0,0,98031.0
142500.0,4,0.75,1440.0,6,3.0,66.0,0,98166.0
267500.0,3,1.0,1090.0,7,5.0,47.0,0,98038.0
290000.0,3,1.0,1480.0,6,4.0,72.0,0,98168.0
175000.0,3,1.5,1220.0,7,3.0,41.0,0,98001.0
240000.0,4,2.0,1750.0,6,4.0,71.0,0,98166.0
140000.0,2,1.0,1080.0,6,5.0,107.0,0,98030.0
275000.0,3,1.75,1290.0,7,3.0,36.0,0,98058.0
235000.0,4,1.0,1360.0,6,3.0,74.0,0,98168.0
230000.0,3,1.0,1000.0,6,4.0,100.0,0,98118.0
185000.0,2,1.0,820.0,5,4.0,91.0,0,98022.0
196000.0,3,1.0,1090.0,7,4.0,53.0,0,98092.0
295000.0,3,1.75,1250.0,6,4.0,43.0,0,98070.0
229000.0,3,1.0,1010.0,7,4.0,55.0,0,98003.0
130000.0,2,1.0,840.0,7,3.0,63.0,0,98133.0
105000.0,3,1.0,840.0,6,3.0,55.0,0,98023.0
300000.0,3,2.5,2020.0,7,4.0,51.0,0,98168.0
272000.0,3,1.5,1760.0,7,4.0,49.0,0,98031.0
223000.0,3,2.0,1310.0,6,5.0,63.0,0,98178.0
250000.0,3,1.75,1160.0,7,3.0,16.0,0,98002.0
280000.0,3,1.75,1230.0,7,3.0,48.0,0,98058.0
167000.0,3,1.5,1280.0,6,4.0,29.0,0,98002.0
280000.0,2,1.0,1880.0,6,3.0,95.0,0,98126.0
168500.0,3,1.0,1100.0,7,3.0,45.0,0,98042.0
234000.0,4,2.0,1630.0,7,4.0,39.0,0,98092.0
230000.0,3,1.0,1250.0,7,4.0,45.0,0,98003.0
165000.0,1,1.0,850.0,6,2.0,108.0,0,98118.0
280000.0,3,1.0,1720.0,7,3.0,45.0,0,98028.0
262000.0,2,1.0,1500.0,5,3.0,86.0,0,98055.0
285000.0,2,1.0,780.0,6,4.0,71.0,0,98146.0
291000.0,3,2.25,1860.0,7,4.0,53.0,0,98030.0
270000.0,3,1.75,1610.0,7,4.0,36.0,0,98023.0
265800.0,3,1.75,1460.0,6,3.0,32.0,0,98019.0
245000.0,3,1.75,1260.0,7,4.0,29.0,0,98038.0
290000.0,3,2.25,1620.0,8,4.0,27.0,0,98003.0
115000.0,3,1.75,1080.0,7,3.0,34.0,0,98023.0
139950.0,0,0.0,844.0,7,4.0,102.0,0,98001.0
276750.0,3,2.0,1620.0,7,4.0,26.0,0,98042.0
234000.0,4,2.5,1820.0,7,3.0,27.0,0,98001.0
234950.0,3,2.0,1510.0,7,4.0,40.0,0,98001.0
269950.0,2,1.75,1320.0,7,3.0,47.0,0,98038.0
260000.0,3,1.75,2160.0,7,4.0,34.0,0,98019.0
212625.0,2,1.0,960.0,6,3.0,64.0,0,98126.0
200126.0,3,2.5,2040.0,8,3.0,46.0,0,98003.0
290700.0,3,2.5,1670.0,7,4.0,22.0,0,98038.0
248000.0,4,1.0,1010.0,6,4.0,60.0,0,98198.0
159995.0,2,1.0,1000.0,5,5.0,99.0,0,98002.0
287000.0,5,1.5,2040.0,7,4.0,51.0,0,98056.0
185000.0,3,1.5,1090.0,6,4.0,45.0,0,98038.0
260000.0,4,1.75,2010.0,7,3.0,60.0,0,98178.0
280000.0,1,0.75,420.0,5,3.0,92.0,0,98108.0
275000.0,2,1.0,2180.0,7,3.0,56.0,0,98198.0
153500.0,3,1.0,890.0,6,3.0,105.0,0,98118.0
290000.0,3,1.75,1340.0,7,4.0,51.0,0,98038.0
248500.0,2,1.0,720.0,6,3.0,65.0,0,98106.0
272925.0,2,1.0,1280.0,6,5.0,73.0,0,98028.0
250000.0,4,1.75,1510.0,7,3.0,94.0,0,98106.0
299999.0,4,2.5,1981.0,8,3.0,2.0,0,98092.0
255000.0,3,1.75,1590.0,7,4.0,56.0,0,98002.0
171500.0,3,1.0,1150.0,5,4.0,69.0,0,98001.0
239900.0,3,2.0,1410.0,7,3.0,29.0,0,98030.0
295000.0,2,1.0,740.0,5,3.0,99.0,0,98116.0
234500.0,4,2.5,1960.0,7,3.0,36.0,0,98001.0
230000.0,3,2.0,1710.0,7,5.0,37.0,0,98042.0
105000.0,3,1.0,880.0,6,4.0,45.0,0,98042.0
294000.0,5,2.75,2300.0,7,4.0,45.0,0,98023.0
156000.0,3,1.0,970.0,7,3.0,55.0,0,98003.0
249950.0,3,3.0,1790.0,7,3.0,8.0,0,98108.0
260000.0,4,2.75,2250.0,8,4.0,30.0,0,98023.0
279000.0,3,1.0,1110.0,6,3.0,66.0,0,98166.0
195000.0,2,1.0,800.0,6,5.0,96.0,0,98022.0
165000.0,3,1.0,1010.0,6,4.0,56.0,0,98058.0
255000.0,3,1.0,1010.0,6,4.0,57.0,0,98058.0
95000.0,2,1.0,960.0,4,3.0,97.0,0,98198.0
234950.0,2,2.5,1720.0,8,3.0,16.0,0,98042.0
242050.0,3,2.5,2170.0,7,3.0,34.0,0,98038.0
246000.0,3,1.75,1440.0,8,4.0,48.0,0,98001.0
194000.0,4,2.0,1760.0,7,4.0,53.0,0,98003.0
160000.0,3,1.0,1340.0,5,4.0,80.0,0,98014.0
229000.0,3,2.5,1190.0,7,3.0,12.0,0,98178.0
260000.0,3,2.0,1170.0,6,5.0,112.0,0,98118.0
277000.0,4,1.0,1450.0,6,3.0,50.0,0,98146.0
283000.0,4,2.0,2100.0,7,3.0,55.0,0,98106.0
267000.0,4,1.75,2000.0,7,3.0,52.0,0,98003.0
180000.0,3,1.0,1010.0,6,3.0,59.0,0,98146.0
183750.0,3,2.5,1770.0,7,3.0,11.0,0,98055.0
295000.0,4,2.0,980.0,7,5.0,36.0,0,98045.0
290000.0,4,3.0,2390.0,7,3.0,40.0,0,98055.0
177000.0,3,1.0,870.0,6,5.0,46.0,0,98042.0
275000.0,3,1.75,1860.0,7,4.0,43.0,0,98023.0
274000.0,3,1.75,1400.0,7,4.0,56.0,0,98056.0
265000.0,3,1.0,960.0,5,3.0,92.0,0,98065.0
168500.0,2,1.0,1020.0,6,4.0,80.0,1,98168.0
220000.0,3,1.75,1290.0,7,3.0,31.0,0,98001.0
295000.0,3,2.0,1830.0,7,4.0,66.0,0,98178.0
285000.0,3,1.0,950.0,6,4.0,56.0,0,98059.0
294950.0,3,1.0,1160.0,7,3.0,46.0,0,98133.0
230000.0,3,2.0,1410.0,7,3.0,34.0,0,98042.0
282000.0,3,2.5,1680.0,7,3.0,20.0,0,98031.0
295000.0,3,2.5,1570.0,7,3.0,22.0,0,98038.0
242000.0,3,2.25,1690.0,7,3.0,30.0,0,98003.0
239950.0,4,1.0,1460.0,7,4.0,73.0,0,98178.0
289000.0,3,1.75,1580.0,7,5.0,60.0,0,98148.0
199000.0,4,2.0,1440.0,5,3.0,71.0,0,98056.0
244000.0,3,1.0,910.0,6,4.0,43.0,0,98166.0
240000.0,2,1.0,670.0,6,3.0,72.0,0,98146.0
270000.0,4,2.75,1990.0,7,3.0,15.0,0,98002.0
236000.0,4,2.25,1830.0,7,4.0,25.0,0,98023.0
299000.0,4,2.25,2050.0,8,4.0,37.0,0,98042.0
295000.0,2,1.75,1560.0,8,3.0,47.0,1,98065.0
110000.0,2,1.0,800.0,6,3.0,87.0,0,98168.0
295950.0,2,1.0,1190.0,7,3.0,66.0,0,98133.0
270000.0,3,1.75,1300.0,6,4.0,96.0,1,98106.0
229950.0,4,1.75,1300.0,7,4.0,45.0,0,98001.0
160000.0,3,1.5,1480.0,7,3.0,34.0,0,98023.0
255000.0,3,1.0,1250.0,6,4.0,42.0,0,98059.0
239000.0,3,1.5,1330.0,7,3.0,43.0,0,98188.0
285000.0,3,2.25,1840.0,7,4.0,32.0,0,98031.0
213675.0,3,2.25,1560.0,7,3.0,24.0,0,98023.0
110000.0,2,1.0,600.0,5,3.0,72.0,0,98168.0
179000.0,2,1.0,990.0,7,3.0,37.0,0,98003.0
299000.0,4,2.5,2350.0,9,3.0,16.0,0,98092.0
273950.0,3,2.25,1570.0,8,3.0,13.0,0,98092.0
255000.0,3,2.5,1720.0,7,3.0,1.0,0,98022.0
250000.0,3,2.0,1140.0,7,4.0,16.0,0,98022.0
240000.0,3,1.75,1520.0,8,3.0,48.0,0,98023.0
245000.0,3,1.5,1340.0,7,4.0,49.0,0,98198.0
270000.0,3,2.5,1660.0,7,3.0,12.0,0,98198.0
190000.0,2,1.0,880.0,6,3.0,71.0,0,98056.0
210000.0,2,1.0,970.0,7,3.0,46.0,0,98056.0
290000.0,5,2.5,2780.0,8,4.0,47.0,0,98001.0
189000.0,3,1.0,1010.0,6,3.0,56.0,0,98058.0
250000.0,3,1.5,2030.0,7,4.0,45.0,0,98001.0
260000.0,4,2.0,1480.0,7,4.0,40.0,0,98055.0
219900.0,3,1.0,860.0,6,3.0,70.0,0,98178.0
295000.0,3,2.5,2030.0,7,3.0,12.0,0,98042.0
240000.0,3,1.0,1280.0,6,4.0,60.0,0,98146.0
215500.0,3,2.0,1380.0,7,2.0,68.0,1,98001.0
160000.0,3,1.0,1210.0,6,2.0,96.0,1,98070.0
220000.0,3,2.5,1430.0,7,3.0,24.0,0,98022.0
289000.0,2,1.75,2056.0,7,4.0,35.0,0,98001.0
201500.0,3,1.0,1320.0,7,3.0,102.0,0,98116.0
235000.0,3,1.75,1480.0,7,4.0,37.0,0,98023.0
240000.0,4,2.5,2040.0,7,3.0,20.0,0,98042.0
174950.0,3,1.0,1060.0,6,5.0,44.0,0,98042.0
249950.0,3,2.0,1550.0,6,4.0,56.0,0,98059.0
234950.0,4,2.0,1450.0,7,3.0,48.0,0,98001.0
285000.0,4,2.5,2360.0,7,4.0,49.0,0,98001.0
297950.0,3,2.0,1390.0,8,3.0,24.0,0,98055.0
205000.0,5,1.75,1730.0,7,4.0,36.0,0,98042.0
195000.0,2,1.0,720.0,6,4.0,67.0,0,98155.0
251000.0,3,1.5,1590.0,7,4.0,44.0,0,98022.0
300000.0,4,2.5,1840.0,8,3.0,10.0,0,98031.0
263950.0,3,1.75,1700.0,7,5.0,38.0,0,98092.0
234999.0,3,1.0,1330.0,6,3.0,66.0,0,98188.0
245000.0,3,2.25,1900.0,7,3.0,47.0,0,98146.0
245000.0,2,1.75,1840.0,7,3.0,76.0,0,98030.0
187000.0,2,1.75,1020.0,6,4.0,31.0,0,98022.0
280000.0,4,2.25,1930.0,7,4.0,26.0,0,98030.0
265000.0,2,1.0,1000.0,6,3.0,54.0,0,98019.0
295000.0,3,1.5,850.0,7,3.0,28.0,0,98106.0
275000.0,4,2.5,1840.0,7,3.0,10.0,0,98106.0
295000.0,2,1.0,820.0,6,3.0,84.0,1,98042.0
260000.0,3,1.0,1690.0,7,4.0,55.0,0,98166.0
220000.0,4,2.5,2160.0,7,3.0,21.0,0,98001.0
240000.0,3,1.75,1260.0,7,3.0,30.0,0,98038.0
217000.0,3,1.5,1860.0,7,4.0,47.0,0,98023.0
169950.0,3,1.0,840.0,6,4.0,53.0,0,98023.0
152500.0,4,1.0,1730.0,6,4.0,44.0,0,98003.0
267950.0,4,1.0,1730.0,6,4.0,45.0,0,98003.0
269950.0,4,2.5,2540.0,7,5.0,37.0,0,98032.0
240000.0,3,1.5,1890.0,7,3.0,55.0,0,98188.0
289000.0,2,1.0,710.0,6,3.0,73.0,0,98126.0
233000.0,3,1.0,1980.0,7,3.0,50.0,0,98106.0
270000.0,3,2.25,1740.0,7,3.0,42.0,0,98032.0
265000.0,4,1.75,1860.0,7,4.0,52.0,0,98032.0
266000.0,4,2.25,1860.0,8,3.0,36.0,0,98023.0
250000.0,4,1.5,2500.0,7,4.0,53.0,0,98032.0
270000.0,3,2.5,1720.0,7,4.0,47.0,0,98002.0
299500.0,3,1.75,1820.0,7,3.0,20.0,0,98003.0
227000.0,3,1.0,1130.0,6,4.0,60.0,0,98032.0
229000.0,3,1.0,1030.0,7,3.0,60.0,0,98168.0
200000.0,3,1.0,1480.0,6,4.0,67.0,0,98178.0
200000.0,2,0.75,780.0,4,4.0,69.0,0,98058.0
267000.0,3,2.5,1580.0,8,3.0,21.0,0,98198.0
274000.0,4,1.75,1940.0,7,4.0,48.0,0,98030.0
260000.0,3,1.5,1580.0,7,3.0,60.0,0,98148.0
159000.0,3,1.0,1320.0,7,3.0,62.0,0,98055.0
150000.0,3,1.0,1200.0,7,3.0,55.0,0,98168.0
285000.0,3,1.75,1630.0,7,3.0,46.0,0,98106.0
288000.0,5,2.75,2790.0,7,4.0,65.0,0,98002.0
209950.0,3,1.5,1180.0,7,4.0,46.0,0,98002.0
283748.0,3,2.25,1940.0,7,3.0,25.0,0,98023.0
245000.0,3,2.0,1440.0,7,3.0,30.0,0,98030.0
257000.0,4,2.75,2330.0,8,3.0,24.0,0,98023.0
194000.0,3,1.0,1180.0,6,3.0,70.0,0,98178.0
235000.0,3,2.0,1110.0,7,4.0,24.0,0,98002.0
268000.0,3,1.75,1600.0,7,3.0,15.0,0,98002.0
299000.0,4,2.25,1870.0,7,3.0,18.0,0,98003.0
135000.0,3,1.0,840.0,5,3.0,72.0,0,98178.0
245500.0,2,1.0,790.0,6,3.0,64.0,0,98011.0
230000.0,6,1.5,2140.0,8,4.0,111.0,1,98001.0
220000.0,2,1.0,1060.0,7,3.0,50.0,0,98125.0
239000.0,3,1.75,1340.0,7,4.0,46.0,0,98042.0
289000.0,3,2.5,2110.0,7,4.0,29.0,0,98030.0
285000.0,5,1.5,1840.0,7,4.0,53.0,0,98198.0
147400.0,3,2.0,1080.0,7,2.0,59.0,0,98146.0
245000.0,3,2.25,2210.0,7,3.0,47.0,0,98178.0
270000.0,4,2.75,2440.0,7,3.0,51.0,1,98032.0
225000.0,3,1.5,1660.0,7,3.0,52.0,0,98168.0
169000.0,3,1.75,1720.0,8,3.0,36.0,0,98032.0
279950.0,3,1.75,1720.0,8,3.0,37.0,0,98032.0
225000.0,3,1.0,1250.0,6,3.0,50.0,0,98178.0
230000.0,3,2.5,1340.0,7,3.0,19.0,0,98038.0
225000.0,2,1.0,940.0,7,3.0,54.0,0,98055.0
157500.0,3,1.0,1100.0,6,3.0,80.0,0,98178.0
244000.0,3,1.75,1500.0,8,4.0,38.0,0,98023.0
289950.0,3,2.5,1770.0,8,3.0,27.0,0,98001.0
250000.0,4,2.75,1830.0,8,3.0,13.0,0,98001.0
155000.0,3,1.5,970.0,7,3.0,48.0,0,98003.0
175000.0,3,1.0,1070.0,7,3.0,48.0,0,98001.0
300000.0,2,1.0,1010.0,6,3.0,67.0,0,98155.0
283500.0,4,2.5,1990.0,7,3.0,16.0,0,98092.0
265000.0,4,1.0,1940.0,7,3.0,52.0,0,98031.0
192500.0,1,1.0,470.0,5,5.0,90.0,0,98022.0
250000.0,3,2.5,1610.0,7,3.0,20.0,0,98003.0
229000.0,4,1.0,1320.0,7,3.0,87.0,0,98106.0
300000.0,3,1.0,1290.0,6,3.0,107.0,0,98070.0
237000.0,3,2.0,1210.0,7,4.0,29.0,0,98031.0
295000.0,4,2.5,1850.0,7,3.0,21.0,0,98031.0
192000.0,2,1.0,700.0,6,3.0,61.0,0,98166.0
250000.0,3,2.0,1500.0,7,3.0,38.0,0,98042.0
78000.0,2,1.0,780.0,5,1.0,72.0,0,98168.0
275000.0,5,1.75,2180.0,7,3.0,51.0,0,98188.0
297975.0,3,2.25,2820.0,7,4.0,68.0,0,98168.0
210000.0,2,1.0,720.0,6,3.0,71.0,0,98166.0
190000.0,3,1.75,1390.0,7,5.0,50.0,0,98058.0
275000.0,5,2.0,2260.0,7,4.0,53.0,0,98031.0
147000.0,3,1.0,1070.0,7,3.0,54.0,0,98178.0
255000.0,3,2.25,1740.0,7,5.0,37.0,0,98042.0
295000.0,4,1.75,1800.0,7,4.0,40.0,0,98031.0
225000.0,2,1.0,1070.0,5,4.0,93.0,0,98178.0
276000.0,3,1.0,870.0,7,3.0,61.0,0,98177.0
235000.0,2,1.0,900.0,6,1.0,86.0,0,98065.0
223000.0,3,1.75,1340.0,7,4.0,41.0,0,98002.0
190000.0,3,2.25,1640.0,7,4.0,26.0,0,98038.0
275000.0,4,1.75,1960.0,8,4.0,47.0,0,98023.0
290000.0,2,2.0,1590.0,7,3.0,31.0,0,98055.0
287000.0,3,2.25,2300.0,8,4.0,36.0,0,98003.0
120750.0,3,1.75,1140.0,7,4.0,45.0,0,98023.0
195000.0,3,1.75,1140.0,7,4.0,45.0,0,98023.0
276000.0,1,0.75,370.0,5,5.0,91.0,0,98117.0
270000.0,3,1.5,1890.0,7,3.0,57.0,0,98146.0
255000.0,3,1.0,1340.0,7,4.0,94.0,0,98108.0
281000.0,4,2.25,1677.0,7,3.0,3.0,0,98092.0
246000.0,3,2.5,1650.0,8,3.0,24.0,0,98023.0
273000.0,4,3.0,1990.0,7,3.0,24.0,0,98023.0
200000.0,2,1.0,930.0,6,4.0,76.0,0,98168.0
175000.0,2,1.0,740.0,6,5.0,94.0,0,98022.0
248000.0,4,2.5,1770.0,7,3.0,11.0,0,98038.0
279000.0,3,2.5,1660.0,7,3.0,11.0,0,98038.0
300000.0,4,1.75,1820.0,6,4.0,88.0,0,98108.0
278226.0,4,2.5,2390.0,8,3.0,9.0,0,98038.0
195000.0,4,1.5,2170.0,7,3.0,62.0,0,98148.0
299980.0,4,1.5,1580.0,6,3.0,69.0,1,98178.0
290000.0,4,2.5,1850.0,7,3.0,21.0,0,98042.0
257000.0,2,1.0,770.0,6,4.0,68.0,0,98155.0
254500.0,2,1.0,1150.0,6,3.0,95.0,0,98178.0
100000.0,2,1.0,910.0,6,3.0,58.0,0,98001.0
208000.0,3,1.0,1300.0,6,4.0,55.0,0,98002.0
235000.0,3,2.0,1090.0,6,4.0,54.0,0,98168.0
295000.0,2,1.0,1170.0,7,3.0,51.0,0,98045.0
175000.0,2,1.0,1410.0,7,3.0,47.0,0,98055.0
275000.0,3,1.5,1950.0,7,4.0,58.0,0,98166.0
225900.0,3,1.0,1510.0,7,4.0,52.0,0,98003.0
215000.0,4,2.25,1900.0,7,4.0,47.0,0,98031.0
195500.0,4,1.0,1230.0,6,4.0,60.0,0,98002.0
257000.0,3,1.75,1430.0,7,3.0,40.0,0,98031.0
290000.0,4,1.75,1820.0,7,4.0,97.0,0,98155.0
250000.0,4,2.0,1470.0,7,3.0,47.0,0,98198.0
273500.0,3,1.5,2000.0,8,3.0,48.0,0,98032.0
269500.0,2,1.0,800.0,7,3.0,15.0,0,98103.0
260000.0,4,2.5,2050.0,7,3.0,49.0,0,98198.0
266750.0,3,2.25,1650.0,7,3.0,26.0,0,98198.0
242000.0,2,1.0,960.0,6,3.0,67.0,0,98032.0
265000.0,2,1.75,1090.0,8,5.0,45.0,0,98198.0
262000.0,4,1.5,1840.0,7,3.0,50.0,0,98198.0
295000.0,3,1.75,1520.0,7,4.0,23.0,0,98038.0
135000.0,2,1.0,600.0,5,3.0,72.0,1,98168.0
259000.0,4,1.5,1260.0,7,5.0,59.0,0,98188.0
210000.0,3,2.25,2140.0,7,4.0,36.0,0,98023.0
295000.0,3,2.25,1330.0,7,3.0,40.0,0,98146.0
125000.0,2,1.0,810.0,5,4.0,72.0,0,98146.0
175000.0,3,1.0,1460.0,7,2.0,54.0,0,98030.0
230000.0,3,1.0,1120.0,6,4.0,81.0,0,98070.0
207000.0,3,2.5,1520.0,7,3.0,9.0,0,98108.0
237000.0,3,1.5,960.0,7,3.0,53.0,0,98198.0
180000.0,3,2.25,1990.0,7,3.0,47.0,0,98198.0
294000.0,4,2.5,2210.0,8,3.0,24.0,0,98092.0
250000.0,3,2.25,1900.0,7,3.0,54.0,0,98003.0
250000.0,4,2.75,1920.0,7,3.0,23.0,0,98106.0
275000.0,3,2.0,1380.0,7,3.0,43.0,0,98118.0
275000.0,3,2.5,1870.0,7,3.0,25.0,0,98023.0
190000.0,3,1.75,1350.0,6,4.0,102.0,0,98118.0
300000.0,3,1.75,1350.0,6,4.0,103.0,0,98118.0
140000.0,3,1.75,1270.0,7,3.0,34.0,0,98042.0
275000.0,4,1.75,1680.0,7,4.0,56.0,0,98055.0
227000.0,2,1.0,1040.0,7,4.0,78.0,0,98133.0
260000.0,2,1.0,1410.0,6,3.0,96.0,0,98118.0
180000.0,2,1.0,960.0,5,3.0,68.0,0,98014.0
220000.0,3,2.25,1470.0,7,3.0,29.0,0,98003.0
249950.0,5,2.0,1730.0,6,4.0,70.0,0,98178.0
292000.0,4,1.75,2130.0,7,3.0,62.0,0,98166.0
265000.0,5,1.75,1580.0,6,3.0,102.0,0,98118.0
237000.0,3,1.0,1130.0,7,3.0,60.0,0,98188.0
235000.0,5,1.0,1500.0,6,5.0,48.0,0,98168.0
259950.0,2,1.0,790.0,6,3.0,67.0,0,98125.0
253000.0,4,2.5,2230.0,7,3.0,8.0,0,98042.0
267000.0,3,1.5,1090.0,7,3.0,47.0,1,98058.0
252000.0,4,1.75,1940.0,8,4.0,40.0,0,98023.0
247200.0,3,1.0,1590.0,7,4.0,53.0,0,98092.0
160000.0,3,1.0,880.0,6,4.0,49.0,0,98023.0
210000.0,5,2.0,2050.0,6,3.0,58.0,0,98198.0
185000.0,3,1.5,1010.0,6,3.0,61.0,0,98148.0
128000.0,3,1.0,1400.0,7,3.0,46.0,0,98023.0
265000.0,3,1.0,1010.0,6,5.0,45.0,0,98059.0
300000.0,3,2.0,720.0,6,5.0,67.0,0,98106.0
250000.0,3,2.5,1650.0,7,3.0,10.0,0,98055.0
276900.0,3,2.5,1620.0,7,3.0,26.0,0,98038.0
205000.0,3,1.0,1300.0,7,4.0,56.0,0,98003.0
150000.0,2,1.0,850.0,4,1.0,64.0,0,98023.0
295000.0,2,1.75,1050.0,6,4.0,89.0,0,98055.0
253750.0,4,1.0,1380.0,6,3.0,76.0,0,98030.0
300000.0,4,2.5,2400.0,8,3.0,22.0,0,98023.0
234950.0,3,1.0,1360.0,6,3.0,37.0,0,98010.0
255000.0,2,1.5,920.0,7,3.0,19.0,0,98133.0
260000.0,3,2.25,1920.0,7,4.0,53.0,0,98031.0
280500.0,3,1.0,1220.0,7,3.0,63.0,0,98108.0
295000.0,3,1.75,1440.0,7,4.0,35.0,0,98106.0
182200.0,4,1.0,1130.0,6,3.0,85.0,0,98168.0
275000.0,4,1.0,1430.0,5,4.0,80.0,0,98065.0
265000.0,5,2.75,2920.0,7,5.0,103.0,0,98002.0
259500.0,4,1.5,1300.0,7,4.0,45.0,0,98031.0
162500.0,3,1.5,1390.0,7,3.0,48.0,0,98001.0
268300.0,3,1.0,1190.0,7,3.0,47.0,0,98028.0
277500.0,4,2.5,2550.0,8,3.0,38.0,0,98023.0
133000.0,5,2.0,1430.0,6,3.0,67.0,0,98118.0
294450.0,4,2.25,1400.0,7,3.0,53.0,0,98155.0
230500.0,2,1.0,740.0,6,3.0,72.0,0,98166.0
292000.0,4,2.75,2414.0,8,3.0,8.0,0,98002.0
172500.0,3,1.0,1040.0,6,4.0,60.0,0,98198.0
280000.0,3,2.0,1020.0,7,3.0,6.0,0,98126.0
251000.0,3,1.75,1220.0,7,3.0,52.0,0,98045.0
255000.0,3,2.0,1290.0,7,3.0,37.0,0,98030.0
205000.0,4,1.0,1340.0,7,4.0,45.0,0,98001.0
229000.0,3,1.0,1590.0,7,3.0,59.0,0,98146.0
183000.0,2,1.0,760.0,7,4.0,35.0,0,98003.0
280000.0,3,2.5,1600.0,7,3.0,18.0,0,98038.0
286000.0,3,1.0,950.0,7,3.0,57.0,0,98056.0
237500.0,2,1.0,810.0,6,3.0,65.0,0,98155.0
257500.0,1,1.0,710.0,6,4.0,99.0,0,98118.0
172500.0,3,1.0,1140.0,7,3.0,42.0,0,98001.0
251000.0,2,1.0,840.0,6,3.0,65.0,0,98155.0
282500.0,4,1.0,1650.0,7,4.0,50.0,0,98059.0
265000.0,3,2.25,1380.0,7,4.0,27.0,0,98042.0
249950.0,4,1.0,1290.0,7,3.0,57.0,0,98146.0
245000.0,4,2.25,2190.0,7,3.0,28.0,0,98001.0
254950.0,2,1.0,700.0,6,3.0,65.0,0,98155.0
299950.0,3,2.25,1370.0,7,3.0,25.0,0,98019.0
300000.0,3,2.5,1700.0,7,3.0,14.0,0,98108.0
275000.0,3,1.5,1400.0,6,4.0,51.0,0,98030.0
299250.0,3,2.5,2530.0,9,3.0,24.0,0,98023.0
239000.0,2,1.0,710.0,6,4.0,61.0,0,98166.0
235000.0,2,1.0,1210.0,6,2.0,65.0,0,98106.0
285000.0,3,1.75,1990.0,7,3.0,53.0,0,98055.0
279000.0,3,2.25,2070.0,7,3.0,51.0,0,98003.0
237000.0,3,1.0,1300.0,7,4.0,54.0,0,98056.0
200500.0,3,1.75,1260.0,7,4.0,51.0,0,98030.0
276000.0,4,2.5,2068.0,7,4.0,38.0,0,98001.0
235000.0,2,1.0,930.0,6,3.0,85.0,0,98148.0
268950.0,3,1.0,1320.0,6,3.0,71.0,0,98166.0
264500.0,3,1.5,1580.0,7,3.0,34.0,0,98001.0
240000.0,3,2.5,1620.0,8,3.0,27.0,0,98003.0
294950.0,4,2.25,1740.0,7,3.0,57.0,0,98188.0
222000.0,2,1.0,830.0,7,3.0,65.0,0,98125.0
180000.0,5,1.0,1460.0,6,3.0,78.0,0,98146.0
279950.0,3,2.25,1340.0,7,4.0,25.0,0,98038.0
154000.0,3,3.0,1530.0,6,3.0,22.0,0,98001.0
230000.0,3,1.0,880.0,6,4.0,48.0,0,98059.0
185000.0,3,1.75,1130.0,7,3.0,36.0,0,98023.0
274950.0,3,1.0,1450.0,6,3.0,56.0,0,98168.0
129000.0,2,1.0,1150.0,6,3.0,64.0,0,98055.0
225000.0,3,1.0,1080.0,6,3.0,62.0,0,98001.0
265000.0,3,2.5,1890.0,7,3.0,19.0,0,98002.0
215000.0,3,2.0,1760.0,7,5.0,67.0,0,98001.0
252500.0,3,2.0,1810.0,8,3.0,27.0,0,98058.0
300000.0,4,2.5,2080.0,8,3.0,16.0,0,98059.0
264000.0,3,2.25,1552.0,7,3.0,3.0,0,98092.0
226000.0,2,1.0,1510.0,7,3.0,64.0,0,98146.0
300000.0,3,1.75,1700.0,7,3.0,21.0,0,98003.0
247500.0,4,2.0,1710.0,7,4.0,38.0,0,98042.0
270000.0,3,2.25,2080.0,7,3.0,22.0,0,98002.0
278000.0,4,2.5,1940.0,7,3.0,24.0,0,98023.0
280000.0,4,3.0,2460.0,8,3.0,3.0,0,98168.0
250000.0,2,1.0,750.0,5,3.0,94.0,0,98103.0
247500.0,3,0.75,1300.0,6,3.0,65.0,1,98006.0
230000.0,2,1.0,1280.0,6,3.0,98.0,0,98118.0
210000.0,3,2.0,1830.0,7,3.0,61.0,0,98118.0
293000.0,3,1.75,1420.0,7,4.0,40.0,0,98059.0
180000.0,3,2.0,1670.0,7,4.0,56.0,0,98002.0
200000.0,4,1.0,1310.0,6,3.0,69.0,0,98126.0
250000.0,4,1.0,1320.0,6,5.0,101.0,0,98002.0
180000.0,2,1.0,890.0,6,2.0,96.0,0,98178.0
290000.0,2,1.0,1020.0,7,3.0,84.0,1,98115.0
240000.0,4,2.25,1720.0,8,4.0,41.0,0,98023.0
285000.0,3,1.0,1090.0,6,4.0,41.0,0,98166.0
270000.0,4,2.5,1600.0,7,3.0,6.0,0,98042.0
290000.0,2,1.0,930.0,6,3.0,90.0,0,98125.0
229900.0,3,1.0,1440.0,7,3.0,46.0,0,98003.0
239950.0,3,1.75,1230.0,7,4.0,30.0,0,98042.0
245000.0,2,1.0,1200.0,6,3.0,71.0,0,98106.0
205000.0,3,1.0,960.0,6,5.0,54.0,0,98002.0
250500.0,3,2.0,1710.0,7,4.0,26.0,0,98023.0
257000.0,4,1.75,1900.0,7,3.0,92.0,1,98010.0
218000.0,3,1.0,880.0,6,4.0,69.0,0,98178.0
255544.0,3,1.0,1360.0,6,4.0,74.0,0,98133.0
264500.0,3,2.5,1630.0,8,3.0,25.0,0,98092.0
290000.0,3,1.0,910.0,7,3.0,44.0,0,98106.0
81000.0,2,1.0,730.0,5,1.0,72.0,0,98168.0
185000.0,3,1.0,940.0,7,4.0,56.0,0,98032.0
234000.0,3,1.5,1140.0,6,4.0,47.0,0,98045.0
287500.0,4,2.5,2570.0,8,4.0,35.0,0,98023.0
260000.0,4,3.0,1530.0,7,3.0,5.0,0,98042.0
190000.0,3,1.0,1260.0,6,4.0,71.0,0,98056.0
275000.0,3,2.5,1830.0,7,3.0,25.0,0,98023.0
261500.0,3,1.0,1130.0,6,3.0,107.0,0,98144.0
300000.0,4,2.5,1960.0,8,3.0,13.0,0,98030.0
277554.0,5,2.25,2350.0,7,3.0,53.0,0,98178.0
215000.0,3,2.0,1340.0,6,3.0,83.0,0,98168.0
202500.0,3,2.0,1540.0,6,5.0,60.0,0,98002.0
260000.0,4,1.75,1360.0,7,4.0,48.0,0,98058.0
254000.0,3,2.0,1480.0,7,4.0,22.0,0,98038.0
285000.0,3,2.5,1800.0,7,3.0,13.0,0,98108.0
165000.0,3,1.0,1200.0,6,3.0,71.0,0,98168.0
216500.0,2,1.0,710.0,6,4.0,71.0,0,98178.0
300000.0,3,2.5,1880.0,7,3.0,7.0,0,98038.0
255000.0,4,1.75,1650.0,7,3.0,37.0,0,98031.0
215000.0,3,1.0,1690.0,7,4.0,45.0,0,98003.0
212000.0,3,1.75,1470.0,7,3.0,25.0,0,98001.0
265000.0,3,1.75,1840.0,8,3.0,48.0,0,98023.0
225000.0,2,1.0,800.0,6,4.0,70.0,0,98178.0
276693.0,4,1.0,1190.0,7,4.0,68.0,0,98155.0
185000.0,2,1.0,1390.0,7,4.0,45.0,0,98168.0
160000.0,2,2.5,1660.0,7,3.0,33.0,0,98042.0
270000.0,4,2.5,1920.0,8,3.0,16.0,0,98092.0
300000.0,4,1.5,1460.0,7,3.0,56.0,0,98166.0
264950.0,3,1.5,1370.0,7,4.0,57.0,0,98022.0
209950.0,2,1.0,1050.0,6,4.0,72.0,0,98168.0
289950.0,3,2.5,2070.0,8,3.0,27.0,0,98023.0
260000.0,3,2.25,1950.0,7,4.0,27.0,0,98092.0
295500.0,3,1.75,1330.0,7,3.0,33.0,0,98055.0
280000.0,3,2.5,1550.0,7,3.0,15.0,0,98001.0
288000.0,3,2.5,1520.0,7,3.0,10.0,0,98038.0
248500.0,3,2.0,1240.0,7,3.0,76.0,1,98023.0
198500.0,2,1.0,1050.0,6,4.0,56.0,0,98023.0
280000.0,7,2.5,1940.0,7,3.0,20.0,0,98092.0
267000.0,3,2.5,1690.0,7,4.0,26.0,0,98010.0
274950.0,3,1.75,1840.0,8,3.0,25.0,0,98001.0
299000.0,3,1.0,1390.0,7,4.0,60.0,0,98155.0
180000.0,4,1.5,1740.0,7,3.0,52.0,0,98168.0
261350.0,3,1.75,1390.0,7,4.0,52.0,0,98023.0
253500.0,3,1.0,1640.0,7,4.0,60.0,0,98003.0
255000.0,4,2.5,1580.0,7,4.0,55.0,0,98059.0
257000.0,3,2.5,1740.0,8,3.0,5.0,0,98002.0
175000.0,2,1.0,830.0,7,3.0,18.0,0,98038.0
100000.0,2,0.75,660.0,4,4.0,102.0,0,98032.0
280000.0,3,2.5,1600.0,7,3.0,14.0,0,98001.0
201000.0,3,1.0,900.0,6,4.0,56.0,0,98002.0
295000.0,3,2.5,1940.0,7,3.0,36.0,0,98001.0
190000.0,3,1.0,1510.0,6,4.0,69.0,0,98002.0
207000.0,3,1.5,1460.0,7,3.0,58.0,0,98003.0
275000.0,2,1.0,830.0,6,3.0,93.0,0,98126.0
262500.0,3,2.0,1130.0,6,4.0,70.0,0,98166.0
139000.0,4,1.5,1410.0,7,4.0,49.0,0,98030.0
230000.0,3,1.0,1380.0,7,4.0,52.0,0,98023.0
175000.0,2,1.0,620.0,6,3.0,52.0,0,98168.0
189000.0,3,1.0,1380.0,6,5.0,100.0,0,98002.0
250000.0,2,1.0,890.0,6,3.0,63.0,0,98115.0
300000.0,3,1.75,1450.0,7,4.0,60.0,0,98166.0
245000.0,3,1.5,2100.0,7,4.0,60.0,0,98198.0
206000.0,3,1.0,1060.0,6,4.0,52.0,0,98023.0
225000.0,2,1.0,700.0,6,3.0,71.0,0,98055.0
269900.0,5,1.75,1750.0,7,5.0,48.0,0,98031.0
227000.0,4,1.0,1200.0,6,3.0,70.0,0,98178.0
202000.0,2,1.0,840.0,5,4.0,107.0,0,98032.0
175000.0,3,1.0,1480.0,7,3.0,48.0,0,98188.0
197000.0,2,1.0,770.0,6,2.0,64.0,0,98146.0
254000.0,3,1.0,1010.0,6,5.0,72.0,0,98056.0
200000.0,4,2.75,1910.0,7,4.0,35.0,0,98030.0
269000.0,4,2.5,2060.0,7,3.0,11.0,0,98198.0
253000.0,3,1.5,880.0,6,5.0,69.0,0,98178.0
157500.0,2,1.0,740.0,5,3.0,65.0,0,98031.0
249500.0,3,1.0,1180.0,7,4.0,47.0,0,98058.0
220000.0,2,1.0,770.0,6,3.0,67.0,0,98155.0
298500.0,3,2.0,2420.0,7,4.0,55.0,0,98188.0
271000.0,2,1.0,710.0,6,4.0,72.0,0,98106.0
253000.0,2,1.75,1220.0,7,5.0,93.0,0,98055.0
265000.0,3,2.5,1340.0,7,4.0,33.0,0,98042.0
225000.0,2,1.0,1030.0,6,4.0,55.0,0,98058.0
300000.0,2,1.75,1360.0,7,3.0,39.0,0,98177.0
255000.0,2,1.0,1260.0,6,3.0,69.0,0,98178.0
187000.0,3,2.5,1730.0,7,3.0,9.0,0,98166.0
250000.0,3,1.75,1780.0,8,4.0,35.0,0,98001.0
90000.0,1,1.0,560.0,4,3.0,68.0,0,98106.0
155000.0,2,1.0,810.0,7,3.0,34.0,0,98118.0
293000.0,4,2.25,1870.0,7,3.0,6.0,0,98038.0
227000.0,3,1.0,1340.0,7,3.0,55.0,0,98178.0
213000.0,3,1.75,1200.0,7,5.0,37.0,0,98010.0
163500.0,3,1.0,940.0,7,4.0,60.0,0,98002.0
199988.0,2,1.0,860.0,7,3.0,65.0,0,98178.0
249900.0,2,2.0,1470.0,6,3.0,9.0,0,98038.0
223000.0,2,1.0,910.0,6,3.0,57.0,0,98058.0
279000.0,3,1.75,1430.0,7,3.0,89.0,1,98065.0
185000.0,2,1.0,900.0,6,4.0,60.0,0,98198.0
109500.0,2,1.0,800.0,6,3.0,72.0,0,98168.0
249000.0,3,1.5,1180.0,7,4.0,53.0,0,98058.0
256500.0,5,2.5,1960.0,7,4.0,46.0,0,98058.0
269000.0,3,2.25,1950.0,8,4.0,48.0,0,98023.0
283000.0,3,1.75,1830.0,7,3.0,68.0,0,98106.0
289950.0,3,2.5,2070.0,7,3.0,11.0,0,98092.0
252500.0,3,2.5,1780.0,7,4.0,40.0,0,98031.0
225000.0,2,1.0,910.0,7,4.0,33.0,0,98058.0
250000.0,3,1.0,1460.0,7,4.0,55.0,0,98058.0
245000.0,2,1.0,670.0,6,5.0,54.0,0,98144.0
275000.0,4,2.0,1480.0,7,4.0,57.0,0,98055.0
270000.0,3,2.0,2330.0,7,3.0,28.0,0,98023.0
229000.0,3,2.0,1760.0,7,4.0,71.0,0,98166.0
256000.0,3,1.0,950.0,7,3.0,66.0,0,98118.0
187000.0,2,1.0,840.0,6,3.0,62.0,0,98168.0
205000.0,3,1.0,1210.0,6,3.0,57.0,0,98146.0
225000.0,3,2.25,1590.0,7,4.0,36.0,0,98092.0
222500.0,3,2.0,1450.0,7,3.0,25.0,0,98022.0
283000.0,3,2.25,2130.0,8,3.0,36.0,0,98030.0
245000.0,4,2.5,1700.0,7,3.0,14.0,0,98001.0
237000.0,3,1.5,1800.0,7,4.0,64.0,0,98001.0
190500.0,3,2.0,1390.0,7,3.0,34.0,0,98003.0
300000.0,5,1.75,2110.0,7,3.0,52.0,0,98133.0
255000.0,3,1.0,1170.0,7,4.0,45.0,0,98055.0
221000.0,4,1.75,1540.0,7,3.0,48.0,0,98003.0
234950.0,3,2.0,1430.0,7,3.0,20.0,0,98001.0
210000.0,2,1.0,880.0,6,5.0,76.0,0,98168.0
213500.0,2,1.5,2060.0,7,4.0,85.0,0,98030.0
255000.0,2,1.0,1360.0,6,4.0,90.0,0,98155.0
85000.0,2,1.0,910.0,5,3.0,68.0,0,98032.0
239000.0,4,2.0,1980.0,6,2.0,90.0,0,98055.0
184900.0,3,1.0,1040.0,6,3.0,55.0,0,98023.0
280000.0,3,1.0,1200.0,6,3.0,71.0,0,98168.0
279000.0,3,2.5,2010.0,7,3.0,24.0,0,98022.0
209950.0,2,1.0,860.0,7,3.0,55.0,0,98032.0
237100.0,3,1.75,1360.0,7,3.0,52.0,0,98198.0
290000.0,3,2.5,1580.0,7,3.0,20.0,0,98055.0
146300.0,3,1.0,1200.0,6,5.0,40.0,0,98092.0
244500.0,3,1.75,1210.0,7,3.0,30.0,0,98042.0
206000.0,2,2.5,1280.0,7,3.0,9.0,0,98055.0
208000.0,2,1.0,960.0,7,3.0,63.0,0,98168.0
277500.0,3,2.5,1690.0,8,3.0,12.0,0,98023.0
205000.0,3,1.0,1230.0,6,3.0,49.0,0,98003.0
150000.0,3,1.0,1010.0,6,3.0,48.0,0,98014.0
273000.0,3,1.75,1540.0,6,4.0,37.0,0,98045.0
240000.0,3,1.5,1450.0,7,4.0,51.0,0,98031.0
230000.0,3,1.5,1630.0,7,5.0,34.0,0,98023.0
278000.0,3,1.75,2710.0,7,4.0,49.0,0,98001.0
210000.0,3,1.0,1730.0,7,3.0,51.0,0,98001.0
225000.0,2,1.0,1010.0,6,4.0,89.0,0,98032.0
300000.0,6,5.25,2860.0,7,3.0,36.0,0,98002.0
150000.0,3,1.0,1310.0,7,3.0,52.0,0,98001.0
299950.0,4,1.75,1560.0,7,4.0,49.0,0,98092.0
150000.0,2,1.0,840.0,6,3.0,89.0,0,98055.0
175000.0,2,1.0,840.0,6,3.0,90.0,0,98055.0
280500.0,3,1.75,2440.0,7,4.0,52.0,0,98198.0
194000.0,1,1.0,820.0,8,3.0,7.0,0,98126.0
265000.0,4,2.25,2300.0,7,3.0,37.0,0,98058.0
126500.0,3,1.0,1130.0,6,3.0,73.0,0,98146.0
170000.0,1,0.75,850.0,6,3.0,112.0,1,98019.0
260000.0,3,1.0,1300.0,7,3.0,53.0,1,98042.0
280000.0,3,2.5,1970.0,8,3.0,23.0,0,98003.0
202000.0,3,1.5,1420.0,6,4.0,24.0,0,98022.0
300000.0,3,1.0,1260.0,6,3.0,68.0,0,98115.0
199950.0,1,1.5,1048.0,7,3.0,72.0,0,98055.0
277000.0,3,2.25,2160.0,7,3.0,20.0,0,98022.0
264950.0,4,2.5,1990.0,7,3.0,20.0,0,98010.0
264500.0,3,2.25,1370.0,7,3.0,21.0,0,98038.0
300000.0,2,1.0,1340.0,7,3.0,67.0,0,98178.0
125000.0,3,1.0,1230.0,6,1.0,98.0,0,98117.0
265000.0,4,3.0,1730.0,6,3.0,94.0,0,98168.0
300000.0,3,1.0,1300.0,6,3.0,87.0,0,98106.0
237600.0,2,1.0,1370.0,6,4.0,64.0,0,98198.0
162950.0,2,1.0,950.0,8,4.0,42.0,0,98198.0
137000.0,3,1.0,1300.0,6,4.0,56.0,0,98002.0
226000.0,4,1.0,1270.0,7,3.0,96.0,0,98118.0
240000.0,3,2.0,1190.0,7,3.0,20.0,0,98010.0
240000.0,3,2.0,1030.0,7,5.0,44.0,0,98003.0
262500.0,2,1.5,1140.0,7,3.0,65.0,1,98011.0
160000.0,3,1.0,1140.0,6,4.0,105.0,0,98014.0
191000.0,2,1.0,700.0,6,5.0,63.0,0,98056.0
129000.0,1,1.0,650.0,5,4.0,47.0,0,98042.0
284000.0,3,1.5,1500.0,7,4.0,57.0,0,98058.0
218000.0,3,1.5,1330.0,7,4.0,46.0,0,98023.0
225000.0,2,1.0,830.0,6,4.0,64.0,0,98133.0
152500.0,3,1.0,1090.0,6,4.0,45.0,0,98092.0
288000.0,3,2.25,2090.0,7,4.0,38.0,0,98031.0
225000.0,3,1.75,1350.0,7,4.0,46.0,0,98022.0
229950.0,3,0.75,1030.0,5,4.0,71.0,0,98032.0
295000.0,3,2.25,1850.0,9,3.0,41.0,0,98023.0
296500.0,3,1.5,1580.0,7,4.0,53.0,0,98055.0
298000.0,3,1.75,1620.0,8,3.0,53.0,0,98003.0
230000.0,5,1.0,1410.0,7,5.0,47.0,0,98023.0
290000.0,3,2.0,1360.0,7,3.0,63.0,0,98155.0
170000.0,2,1.0,1500.0,8,3.0,64.0,0,98168.0
173250.0,3,2.0,1210.0,7,4.0,60.0,0,98168.0
179950.0,2,1.0,1200.0,6,3.0,56.0,0,98023.0
275000.0,3,2.5,1710.0,7,3.0,19.0,0,98003.0
190000.0,4,2.5,1840.0,7,3.0,20.0,0,98001.0
165000.0,3,1.0,970.0,6,4.0,48.0,0,98058.0
269950.0,3,2.5,1480.0,7,4.0,18.0,0,98010.0
247500.0,4,2.0,1760.0,7,3.0,53.0,0,98003.0
208000.0,3,1.0,1050.0,5,5.0,67.0,0,98146.0
190000.0,3,1.5,760.0,6,3.0,108.0,0,98065.0
168000.0,2,2.5,1160.0,7,3.0,16.0,0,98106.0
272000.0,3,2.5,1680.0,7,3.0,23.0,0,98022.0
225000.0,3,1.0,1120.0,6,5.0,28.0,0,98022.0
132825.0,3,1.5,1210.0,6,5.0,46.0,0,98042.0
219950.0,3,1.5,1210.0,6,5.0,46.0,0,98042.0
251000.0,3,1.75,1350.0,8,3.0,48.0,0,98003.0
250000.0,3,1.75,1910.0,7,4.0,50.0,0,98031.0
268500.0,4,2.5,2100.0,8,3.0,8.0,0,98031.0
295000.0,4,2.5,2290.0,7,3.0,13.0,0,98058.0
272000.0,3,3.0,2430.0,8,4.0,31.0,0,98003.0
233000.0,3,1.75,1460.0,7,2.0,36.0,0,98023.0
242000.0,3,1.75,1580.0,7,5.0,70.0,0,98168.0
182500.0,3,1.0,910.0,7,4.0,43.0,0,98001.0
180000.0,2,1.0,770.0,7,3.0,67.0,0,98155.0
224400.0,3,1.75,1070.0,7,3.0,20.0,0,98010.0
280000.0,3,1.5,1430.0,7,3.0,59.0,0,98188.0
153000.0,2,1.0,710.0,6,5.0,72.0,0,98166.0
294999.0,4,2.5,1660.0,7,3.0,20.0,0,98030.0
175000.0,3,1.75,1910.0,8,4.0,51.0,0,98001.0
299000.0,3,1.75,1910.0,8,4.0,52.0,0,98001.0
146000.0,2,1.0,780.0,6,3.0,78.0,0,98168.0
290000.0,3,2.25,1650.0,7,3.0,52.0,0,98133.0
297950.0,3,2.0,1240.0,7,3.0,47.0,1,98058.0
204250.0,3,2.25,1960.0,7,4.0,31.0,0,98023.0
209995.0,2,1.0,700.0,5,5.0,61.0,0,98056.0
280000.0,2,1.0,1310.0,6,3.0,73.0,0,98168.0
231000.0,3,2.0,1640.0,7,4.0,37.0,0,98042.0
135000.0,2,1.0,750.0,6,4.0,72.0,0,98106.0
250000.0,3,2.5,1730.0,7,4.0,30.0,0,98031.0
275000.0,3,1.0,990.0,7,3.0,46.0,0,98072.0
175000.0,2,1.0,700.0,5,3.0,74.0,0,98146.0
240000.0,3,2.0,1330.0,7,4.0,114.0,0,98108.0
300000.0,3,1.5,1630.0,6,4.0,67.0,0,98027.0
286000.0,3,2.5,1680.0,8,3.0,12.0,0,98042.0
187250.0,2,1.0,710.0,6,5.0,88.0,0,98168.0
110000.0,3,1.0,1250.0,6,5.0,69.0,0,98038.0
212000.0,3,1.0,1000.0,6,3.0,53.0,0,98055.0
298950.0,5,2.25,2300.0,8,3.0,51.0,0,98030.0
275000.0,4,2.0,1440.0,5,3.0,72.0,0,98056.0
197000.0,3,1.75,1690.0,7,4.0,38.0,0,98001.0
265000.0,3,1.75,1420.0,8,3.0,24.0,0,98031.0
297000.0,4,1.75,1790.0,7,4.0,63.0,0,98166.0
207500.0,3,1.75,1320.0,7,4.0,44.0,0,98042.0
268000.0,3,2.0,1610.0,7,3.0,20.0,0,98031.0
300000.0,2,1.5,1150.0,7,3.0,32.0,0,98034.0
299900.0,4,2.75,2330.0,8,4.0,38.0,0,98023.0
299000.0,3,2.5,2210.0,7,4.0,48.0,0,98030.0
265000.0,4,1.75,1900.0,6,5.0,56.0,0,98002.0
280000.0,2,1.75,1610.0,6,2.0,66.0,0,98065.0
124740.0,3,1.0,1340.0,6,4.0,36.0,0,98042.0
219000.0,4,1.0,1370.0,6,4.0,67.0,0,98168.0
212500.0,2,2.0,1030.0,6,4.0,76.0,0,98168.0
300000.0,3,1.0,910.0,7,4.0,43.0,0,98034.0
254950.0,4,2.0,2180.0,7,5.0,37.0,0,98038.0
280000.0,4,2.75,2230.0,7,3.0,46.0,0,98168.0
255000.0,3,1.75,1550.0,7,3.0,38.0,0,98010.0
279000.0,4,1.75,1840.0,7,3.0,39.0,0,98031.0
274950.0,3,1.75,1670.0,7,3.0,27.0,0,98042.0
232000.0,3,1.75,1290.0,7,3.0,30.0,0,98023.0
250000.0,4,3.0,1800.0,7,3.0,14.0,0,98108.0
220000.0,3,1.75,1230.0,7,4.0,49.0,0,98058.0
206325.0,5,2.5,1720.0,7,3.0,44.0,0,98058.0
285000.0,2,1.0,800.0,6,3.0,60.0,0,98125.0
147500.0,3,1.75,1010.0,7,3.0,45.0,0,98042.0
265950.0,3,2.5,1490.0,7,3.0,12.0,0,98042.0
247500.0,2,1.0,700.0,6,3.0,64.0,0,98133.0
244000.0,4,1.0,1450.0,6,3.0,71.0,0,98146.0
190000.0,2,1.0,710.0,5,2.0,100.0,0,98014.0
189950.0,3,1.0,920.0,6,5.0,45.0,0,98042.0
209950.0,3,1.0,1660.0,7,4.0,51.0,0,98023.0
270000.0,3,1.0,1010.0,7,3.0,45.0,0,98059.0
242000.0,3,1.75,1310.0,7,3.0,35.0,0,98198.0
160000.0,2,1.0,1040.0,6,5.0,102.0,0,98032.0
180000.0,4,1.0,1470.0,6,3.0,90.0,0,98055.0
286000.0,4,1.75,2190.0,8,2.0,37.0,0,98023.0
179900.0,3,1.0,1010.0,6,3.0,37.0,0,98042.0
297000.0,2,1.5,1430.0,7,3.0,15.0,0,98125.0
252500.0,3,1.0,1030.0,7,3.0,67.0,0,98125.0
179950.0,3,1.0,920.0,6,5.0,45.0,0,98042.0
145000.0,1,0.75,480.0,4,2.0,66.0,0,98146.0
225000.0,3,2.25,1650.0,8,3.0,28.0,0,98003.0
199000.0,3,1.0,1510.0,7,3.0,48.0,0,98003.0
261000.0,3,1.5,1810.0,7,3.0,31.0,0,98042.0
135000.0,3,1.0,830.0,7,3.0,56.0,0,98032.0
269000.0,3,1.5,1320.0,7,3.0,28.0,0,98133.0
250000.0,3,1.0,1220.0,6,5.0,73.0,0,98056.0
290000.0,1,1.0,550.0,6,2.0,98.0,0,98117.0
219000.0,3,1.0,1080.0,7,3.0,61.0,0,98002.0
179000.0,2,1.0,720.0,6,3.0,66.0,0,98188.0
281700.0,3,1.0,1570.0,7,3.0,53.0,0,98031.0
300000.0,3,3.0,2850.0,8,3.0,38.0,0,98055.0
231000.0,3,1.75,1220.0,7,3.0,37.0,0,98023.0
209950.0,3,1.5,1380.0,7,3.0,54.0,0,98003.0
257000.0,3,2.25,1730.0,8,3.0,36.0,0,98030.0
235000.0,4,1.75,1920.0,7,4.0,38.0,0,98002.0
287600.0,3,2.5,1950.0,7,3.0,24.0,0,98001.0
219500.0,3,1.0,1090.0,5,5.0,102.0,0,98002.0
293000.0,4,1.0,1130.0,6,4.0,71.0,0,98166.0
240000.0,2,1.0,1120.0,5,4.0,83.0,0,98045.0
284000.0,3,1.75,1800.0,7,3.0,46.0,0,98014.0
270000.0,2,1.0,1150.0,6,3.0,104.0,0,98144.0
275000.0,3,1.0,1290.0,7,3.0,58.0,0,98166.0
210000.0,3,1.0,1110.0,7,3.0,52.0,0,98146.0
258000.0,3,2.0,1790.0,7,3.0,16.0,0,98001.0
268000.0,3,1.0,1420.0,6,3.0,74.0,0,98146.0
115000.0,2,1.0,790.0,5,3.0,85.0,0,98146.0
241500.0,3,2.0,1310.0,7,3.0,20.0,0,98030.0
300000.0,3,1.0,1380.0,7,3.0,52.0,0,98031.0
248500.0,3,2.5,1360.0,8,3.0,27.0,0,98003.0
220000.0,3,2.0,1410.0,7,4.0,74.0,0,98178.0
265000.0,2,1.0,820.0,6,3.0,58.0,0,98055.0
199500.0,3,1.0,920.0,7,4.0,52.0,0,98001.0
160000.0,2,1.0,1020.0,6,5.0,100.0,1,98022.0
249000.0,3,1.5,1070.0,6,4.0,74.0,0,98106.0
220000.0,3,1.5,1660.0,7,3.0,33.0,0,98001.0
179900.0,3,1.75,1230.0,6,3.0,44.0,0,98001.0
285000.0,3,1.75,2380.0,7,3.0,79.0,0,98178.0
290000.0,4,2.75,2240.0,7,5.0,69.0,0,98133.0
265000.0,3,1.75,1630.0,7,4.0,29.0,0,98198.0
260000.0,2,1.5,980.0,7,3.0,13.0,0,98133.0
261590.0,2,1.0,760.0,6,3.0,72.0,0,98178.0
270000.0,2,1.0,1780.0,9,4.0,60.0,0,98001.0
219000.0,2,2.5,809.0,7,3.0,11.0,0,98136.0
90000.0,2,1.0,580.0,5,3.0,71.0,0,98178.0
220000.0,2,1.0,580.0,5,3.0,72.0,0,98178.0
269500.0,2,1.0,1140.0,6,4.0,46.0,0,98022.0
160000.0,2,1.0,830.0,6,3.0,94.0,0,98118.0
220000.0,3,1.0,1090.0,6,3.0,61.0,0,98146.0
115000.0,3,1.0,1080.0,5,2.0,64.0,0,98168.0
124000.0,3,1.0,1080.0,5,2.0,64.0,0,98168.0
157000.0,3,1.0,1080.0,5,2.0,65.0,0,98168.0
183000.0,3,1.0,870.0,6,5.0,45.0,0,98042.0
245000.0,3,2.0,2040.0,6,3.0,104.0,0,98168.0
228500.0,3,1.0,1080.0,6,3.0,73.0,0,98146.0
293000.0,3,2.5,1990.0,7,3.0,25.0,0,98023.0
226500.0,3,1.75,1640.0,7,3.0,26.0,0,98042.0
292500.0,2,1.0,880.0,5,4.0,64.0,0,98031.0
280000.0,3,2.5,1610.0,7,3.0,19.0,0,98003.0
260000.0,2,1.0,690.0,6,3.0,66.0,0,98118.0
230000.0,4,1.0,1870.0,6,3.0,87.0,0,98118.0
239950.0,2,1.5,1068.0,7,3.0,25.0,0,98028.0
253000.0,3,1.0,1580.0,7,4.0,36.0,0,98030.0
246000.0,3,2.25,1440.0,8,3.0,31.0,0,98023.0
266500.0,3,2.25,1740.0,7,3.0,16.0,0,98038.0
243500.0,4,2.0,1610.0,7,4.0,35.0,0,98198.0
217500.0,2,2.0,1070.0,7,4.0,34.0,0,98031.0
211000.0,3,1.5,1350.0,6,5.0,73.0,0,98166.0
295000.0,3,2.5,1690.0,7,4.0,23.0,0,98038.0
275250.0,3,2.25,1520.0,7,4.0,22.0,0,98038.0
250000.0,4,2.5,2040.0,7,3.0,20.0,0,98038.0
225000.0,3,2.5,2000.0,7,4.0,22.0,0,98038.0
179950.0,4,1.5,1130.0,6,3.0,47.0,0,98042.0
242000.0,3,1.75,1500.0,7,3.0,36.0,0,98003.0
217000.0,3,2.5,1340.0,7,3.0,13.0,0,98002.0
241000.0,3,2.0,1520.0,8,3.0,21.0,0,98023.0
272500.0,3,2.5,2070.0,8,3.0,36.0,0,98023.0
263000.0,3,1.75,1790.0,8,4.0,35.0,0,98023.0
290000.0,2,1.0,770.0,7,3.0,71.0,0,98136.0
272450.0,3,2.25,1780.0,7,3.0,27.0,0,98038.0
261500.0,3,1.0,1410.0,8,3.0,57.0,0,98056.0
217000.0,3,1.0,870.0,6,5.0,46.0,0,98042.0
160000.0,4,1.0,1540.0,6,4.0,45.0,0,98023.0
300000.0,3,1.0,950.0,6,3.0,85.0,0,98106.0
187000.0,2,1.75,1050.0,8,4.0,40.0,0,98198.0
270000.0,3,2.0,1690.0,7,4.0,45.0,0,98059.0
234000.0,2,1.0,940.0,5,4.0,62.0,0,98198.0
253500.0,3,1.5,1440.0,7,4.0,56.0,0,98042.0
296500.0,3,2.5,1770.0,7,4.0,28.0,0,98042.0
270000.0,4,1.5,1930.0,7,5.0,68.0,0,98198.0
275000.0,3,1.0,1190.0,7,5.0,71.0,1,98059.0
287500.0,4,2.5,2240.0,7,3.0,35.0,0,98001.0
206000.0,3,1.0,1320.0,7,4.0,47.0,0,98002.0
184900.0,2,1.0,1230.0,6,5.0,103.0,0,98022.0
245000.0,3,1.5,1260.0,7,4.0,59.0,0,98148.0
170000.0,3,1.75,1370.0,7,3.0,56.0,0,98168.0
245000.0,3,2.25,1780.0,7,4.0,30.0,0,98030.0
269950.0,4,2.5,2060.0,7,3.0,46.0,0,98042.0
195000.0,3,1.5,1050.0,6,5.0,45.0,0,98042.0
159100.0,2,1.0,790.0,6,3.0,71.0,0,98178.0
299000.0,2,1.0,1040.0,6,4.0,64.0,0,98118.0
249500.0,2,1.0,900.0,6,3.0,64.0,0,98055.0
275000.0,4,1.0,1080.0,5,5.0,114.0,0,98030.0
295000.0,3,2.25,1980.0,9,4.0,40.0,0,98023.0
255000.0,4,1.75,960.0,6,5.0,65.0,0,98118.0
283700.0,1,1.75,1010.0,6,4.0,46.0,0,98019.0
285000.0,3,1.75,2880.0,8,3.0,56.0,0,98168.0
278000.0,4,2.25,2400.0,8,3.0,50.0,0,98148.0
299000.0,3,2.5,1620.0,6,4.0,55.0,0,98022.0
217000.0,2,1.0,720.0,5,5.0,72.0,0,98056.0
255000.0,2,1.0,620.0,6,3.0,73.0,0,98126.0
239000.0,3,1.0,1040.0,6,3.0,72.0,0,98146.0
219000.0,3,2.0,1090.0,7,4.0,24.0,0,98042.0
239000.0,3,1.0,1510.0,7,3.0,52.0,0,98003.0
292000.0,3,1.75,2270.0,7,3.0,66.0,0,98168.0
291750.0,3,2.25,1310.0,7,3.0,64.0,1,98166.0
227000.0,3,1.75,1680.0,8,4.0,47.0,0,98023.0
206000.0,2,1.5,1820.0,7,3.0,93.0,0,98168.0
115000.0,2,1.0,940.0,6,3.0,71.0,0,98146.0
282150.0,2,1.0,700.0,7,3.0,66.0,0,98133.0
260000.0,3,1.0,1150.0,6,3.0,105.0,0,98118.0
213000.0,4,1.75,1980.0,7,2.0,36.0,0,98023.0
215000.0,3,1.0,960.0,6,4.0,57.0,0,98166.0
287000.0,4,2.25,2270.0,7,4.0,55.0,0,98198.0
260000.0,2,1.0,570.0,6,3.0,78.0,0,98070.0
275000.0,2,1.0,920.0,6,3.0,60.0,0,98106.0
290000.0,3,1.0,1470.0,7,3.0,61.0,0,98155.0
289000.0,3,1.75,1690.0,7,3.0,27.0,0,98055.0
185000.0,3,1.0,1010.0,7,3.0,44.0,0,98023.0
239900.0,4,1.75,1570.0,7,3.0,54.0,0,98198.0
240000.0,3,1.5,1010.0,7,3.0,45.0,0,98032.0
260000.0,3,3.0,2390.0,8,3.0,27.0,0,98003.0
200000.0,3,1.0,1200.0,7,2.0,97.0,0,98118.0
298000.0,4,2.5,1960.0,8,3.0,16.0,0,98092.0
300000.0,4,1.75,1890.0,8,3.0,51.0,0,98133.0
253000.0,2,1.0,1310.0,7,4.0,34.0,0,98031.0
216000.0,2,1.0,1130.0,7,4.0,62.0,0,98055.0
212000.0,3,1.5,1830.0,5,4.0,84.0,0,98022.0
300000.0,3,2.75,2340.0,8,3.0,37.0,0,98155.0
275000.0,3,1.75,1580.0,6,3.0,73.0,0,98146.0
285000.0,3,2.5,1690.0,7,3.0,17.0,0,98146.0
255000.0,3,2.75,1900.0,7,4.0,56.0,0,98001.0
285500.0,4,1.75,1960.0,8,4.0,47.0,0,98023.0
199000.0,3,1.0,1000.0,6,3.0,23.0,0,98022.0
215000.0,3,1.75,1430.0,7,4.0,68.0,0,98168.0
240000.0,3,1.0,1690.0,7,4.0,102.0,0,98001.0
247000.0,1,1.0,460.0,4,3.0,77.0,0,98055.0
244000.0,2,1.0,1180.0,7,4.0,59.0,0,98148.0
275000.0,1,1.0,520.0,5,3.0,84.0,0,98106.0
210000.0,3,1.5,1250.0,7,4.0,45.0,0,98042.0
220000.0,4,2.5,2130.0,8,3.0,36.0,0,98030.0
259000.0,4,1.5,1810.0,7,3.0,55.0,0,98168.0
230000.0,4,3.0,1680.0,7,3.0,17.0,0,98002.0
207200.0,4,2.0,1260.0,6,3.0,23.0,0,98022.0
244000.0,2,1.0,960.0,6,5.0,64.0,0,98155.0
180500.0,2,1.0,850.0,6,3.0,39.0,0,98198.0
279950.0,3,1.75,1930.0,7,4.0,37.0,0,98002.0
150000.0,2,1.0,890.0,6,3.0,72.0,0,98146.0
217450.0,3,1.0,1040.0,7,3.0,55.0,0,98146.0
176000.0,3,2.25,1540.0,7,2.0,25.0,0,98023.0
290000.0,3,2.5,1190.0,7,3.0,28.0,0,98055.0
295000.0,3,1.75,1060.0,7,4.0,32.0,0,98038.0
257500.0,3,2.0,1140.0,7,4.0,23.0,0,98031.0
240000.0,4,1.0,1910.0,6,3.0,80.0,0,98106.0
243000.0,3,1.75,1320.0,7,3.0,19.0,0,98031.0
253400.0,3,2.0,1400.0,7,5.0,46.0,0,98003.0
292000.0,3,2.5,1600.0,7,3.0,15.0,0,98178.0
271500.0,3,2.5,1490.0,7,3.0,38.0,0,98058.0
262500.0,4,2.0,1540.0,7,3.0,58.0,0,98118.0
280000.0,1,1.0,690.0,6,3.0,86.0,0,98117.0
267000.0,1,1.0,800.0,6,4.0,95.0,0,98108.0
230000.0,2,1.0,1470.0,4,3.0,82.0,0,98059.0
252000.0,3,1.0,1170.0,7,3.0,46.0,1,98055.0
158000.0,3,1.0,1140.0,6,3.0,73.0,0,98168.0
240000.0,2,1.0,590.0,6,3.0,62.0,0,98133.0
262500.0,3,1.0,970.0,7,4.0,35.0,0,98056.0
273500.0,4,1.0,1360.0,6,4.0,70.0,0,98168.0
225000.0,3,1.0,1660.0,7,3.0,51.0,0,98001.0
299950.0,2,1.0,800.0,6,3.0,110.0,0,98118.0
255950.0,3,2.5,1720.0,7,3.0,22.0,0,98031.0
270000.0,3,2.5,1770.0,7,3.0,18.0,0,98030.0
250000.0,2,1.0,1110.0,6,3.0,63.0,0,98168.0
235000.0,4,1.5,1920.0,7,4.0,53.0,0,98002.0
230000.0,3,1.5,1330.0,7,5.0,47.0,0,98042.0
270000.0,3,2.25,1810.0,8,4.0,34.0,0,98023.0
225000.0,3,2.5,2170.0,7,4.0,48.0,0,98058.0
260000.0,4,2.75,2240.0,7,3.0,47.0,0,98001.0
148900.0,4,1.75,1700.0,7,3.0,47.0,0,98002.0
229500.0,3,1.0,1230.0,7,4.0,47.0,0,98002.0
230000.0,3,2.25,1830.0,7,3.0,50.0,0,98001.0
189900.0,2,1.0,1000.0,5,5.0,100.0,0,98002.0
238000.0,2,1.0,750.0,6,3.0,72.0,0,98106.0
285000.0,1,1.0,1060.0,5,3.0,79.0,0,98070.0
280000.0,3,1.0,940.0,6,3.0,66.0,0,98155.0
259000.0,3,2.0,1610.0,7,3.0,81.0,1,98028.0
182500.0,2,1.0,1040.0,6,3.0,41.0,0,98198.0
250000.0,4,1.75,1860.0,7,4.0,37.0,0,98031.0
276500.0,4,2.25,2380.0,7,4.0,55.0,0,98038.0
250000.0,1,1.0,750.0,6,3.0,96.0,0,98136.0
243950.0,2,1.0,1120.0,6,5.0,54.0,0,98022.0
218250.0,3,1.5,1080.0,7,3.0,46.0,0,98023.0
255000.0,3,2.0,1490.0,7,3.0,25.0,0,98042.0
215000.0,3,1.0,1210.0,7,3.0,97.0,0,98106.0
130000.0,3,1.0,1200.0,7,1.0,106.0,0,98116.0
285000.0,4,1.75,2130.0,7,4.0,48.0,0,98031.0
208000.0,2,1.0,1160.0,6,4.0,91.0,0,98065.0
280000.0,3,2.0,1640.0,7,3.0,19.0,0,98032.0
255950.0,4,1.0,1500.0,7,5.0,50.0,0,98058.0
273148.0,3,1.75,1710.0,7,4.0,40.0,0,98031.0
246500.0,3,2.5,1620.0,7,3.0,25.0,0,98038.0
299950.0,4,2.5,1900.0,7,3.0,12.0,0,98042.0
212000.0,2,1.0,1070.0,6,3.0,66.0,0,98108.0
260000.0,3,1.75,1670.0,7,3.0,29.0,0,98001.0
290000.0,3,2.5,1600.0,7,3.0,15.0,0,98001.0
235000.0,2,1.0,1010.0,7,3.0,73.0,0,98108.0
265000.0,0,0.75,384.0,4,3.0,11.0,0,98070.0
200000.0,2,1.0,1400.0,6,4.0,74.0,0,98022.0
230000.0,3,2.25,1500.0,7,3.0,31.0,0,98023.0
259000.0,4,1.75,1580.0,7,3.0,35.0,0,98045.0
235000.0,4,1.0,1500.0,6,3.0,70.0,0,98178.0
265000.0,4,1.0,1860.0,7,4.0,59.0,0,98055.0
252000.0,4,1.75,1120.0,7,4.0,48.0,0,98058.0
265000.0,3,1.0,1070.0,6,3.0,67.0,0,98126.0
240000.0,2,1.0,870.0,6,3.0,68.0,0,98133.0
217000.0,3,1.0,1000.0,7,3.0,55.0,0,98023.0
274000.0,2,2.0,1700.0,7,4.0,34.0,0,98023.0
295000.0,3,1.5,1670.0,8,4.0,59.0,0,98022.0
261000.0,3,1.75,1350.0,7,3.0,27.0,0,98038.0
230000.0,3,1.75,1720.0,7,4.0,34.0,0,98092.0
270000.0,3,2.0,1820.0,8,3.0,23.0,0,98023.0
170500.0,2,1.0,1060.0,7,3.0,33.0,0,98055.0
245000.0,3,1.5,1550.0,7,5.0,57.0,0,98022.0
219200.0,3,2.0,1680.0,7,4.0,46.0,0,98002.0
195000.0,2,1.0,1020.0,6,3.0,74.0,0,98168.0
285000.0,2,1.0,910.0,6,4.0,66.0,0,98155.0
300000.0,3,1.5,1320.0,7,3.0,35.0,0,98072.0
83000.0,2,1.0,900.0,5,3.0,96.0,0,98168.0
220000.0,2,1.0,890.0,7,4.0,87.0,0,98133.0
174500.0,2,2.5,1240.0,7,3.0,28.0,0,98003.0
255000.0,3,1.5,1020.0,7,3.0,55.0,0,98059.0
263700.0,3,1.0,1200.0,6,3.0,65.0,1,98177.0
186950.0,2,2.0,1390.0,7,3.0,28.0,0,98003.0
210000.0,2,0.75,840.0,6,2.0,66.0,0,98168.0
295000.0,1,1.0,700.0,7,4.0,107.0,0,98106.0
206000.0,3,1.0,920.0,7,3.0,51.0,0,98032.0
115000.0,2,0.75,550.0,5,3.0,62.0,0,98146.0
300000.0,3,2.25,1960.0,7,3.0,11.0,0,98118.0
280000.0,3,1.75,1550.0,7,5.0,70.0,0,98178.0
245000.0,4,1.75,1930.0,8,4.0,33.0,0,98023.0
287500.0,4,2.25,2250.0,8,3.0,29.0,0,98032.0
220000.0,5,1.0,1260.0,7,3.0,96.0,0,98146.0
206000.0,4,2.0,1700.0,6,3.0,36.0,0,98002.0
287000.0,3,1.0,1250.0,7,3.0,49.0,0,98058.0
235000.0,3,1.75,1950.0,7,3.0,54.0,0,98055.0
223000.0,4,2.0,1200.0,7,4.0,53.0,0,98023.0
269000.0,3,2.0,1410.0,7,3.0,21.0,0,98030.0
165000.0,4,1.0,1220.0,6,3.0,70.0,0,98178.0
260000.0,4,1.0,1220.0,6,3.0,71.0,0,98178.0
196000.0,3,1.0,1220.0,6,3.0,62.0,0,98198.0
240000.0,2,1.0,720.0,6,3.0,71.0,0,98106.0
299000.0,3,2.0,1730.0,8,3.0,10.0,0,98030.0
240000.0,3,2.25,1410.0,7,3.0,34.0,0,98118.0
160000.0,3,1.75,1370.0,7,3.0,24.0,0,98001.0
285000.0,4,1.0,1430.0,6,3.0,68.0,0,98106.0
195000.0,4,1.75,1320.0,7,3.0,87.0,1,98148.0
250200.0,3,1.5,1180.0,7,5.0,55.0,0,98032.0
194250.0,3,2.25,2190.0,7,3.0,27.0,0,98001.0
202000.0,2,1.0,920.0,6,4.0,64.0,0,98168.0
192000.0,3,1.75,1240.0,6,3.0,27.0,0,98042.0
283450.0,5,2.75,2770.0,7,3.0,35.0,0,98168.0
245000.0,2,1.0,1020.0,6,5.0,73.0,0,98056.0
299500.0,4,2.5,2010.0,8,3.0,28.0,0,98042.0
270000.0,4,1.0,1430.0,6,3.0,68.0,0,98155.0
260000.0,3,1.5,1750.0,8,3.0,31.0,0,98023.0
179950.0,2,1.0,1100.0,7,3.0,32.0,0,98023.0
222400.0,3,2.0,1200.0,7,3.0,19.0,0,98001.0
247500.0,3,1.0,1660.0,7,4.0,53.0,0,98003.0
280000.0,3,2.5,1020.0,7,3.0,11.0,0,98106.0
237950.0,3,1.75,1310.0,6,5.0,55.0,0,98002.0
249000.0,3,2.5,1850.0,7,3.0,35.0,0,98023.0
275000.0,3,2.5,2030.0,7,3.0,21.0,0,98038.0
262000.0,5,1.0,1870.0,7,3.0,52.0,0,98168.0
300000.0,3,2.25,1730.0,8,4.0,29.0,0,98023.0
267000.0,3,1.5,1030.0,7,4.0,62.0,0,98148.0
250000.0,3,2.0,1560.0,7,5.0,39.0,0,98092.0
280000.0,3,2.25,1700.0,7,4.0,41.0,0,98003.0
215000.0,3,2.0,1470.0,7,3.0,29.0,0,98003.0
299900.0,3,1.0,1110.0,7,3.0,35.0,0,98155.0
199990.0,2,1.0,890.0,6,3.0,79.0,1,98022.0
295000.0,4,1.0,1260.0,7,3.0,68.0,1,98125.0
183500.0,3,1.0,1010.0,6,4.0,40.0,0,98001.0
180000.0,3,1.0,1020.0,7,3.0,54.0,0,98118.0
230000.0,2,0.75,900.0,6,3.0,76.0,0,98146.0
192500.0,3,1.0,1100.0,7,4.0,48.0,0,98023.0
229000.0,4,1.5,1820.0,7,3.0,94.0,0,98125.0
210000.0,2,1.0,970.0,7,3.0,58.0,0,98118.0
247500.0,3,2.25,1620.0,7,3.0,17.0,0,98002.0
199950.0,3,1.5,1370.0,6,3.0,57.0,0,98168.0
275000.0,3,2.0,1540.0,7,4.0,47.0,0,98198.0
255000.0,3,2.0,1490.0,7,3.0,30.0,0,98031.0
259000.0,3,1.75,1260.0,7,3.0,3.0,0,98042.0
180000.0,2,1.0,1150.0,6,4.0,56.0,0,98056.0
235000.0,2,1.0,670.0,6,3.0,111.0,0,98108.0
239000.0,2,1.0,1130.0,7,4.0,60.0,0,98032.0
244950.0,4,2.5,1790.0,7,4.0,49.0,0,98030.0
230005.0,2,1.0,1030.0,7,2.0,64.0,0,98118.0
293000.0,4,2.5,3250.0,9,3.0,41.0,0,98092.0
280000.0,4,1.5,1940.0,7,3.0,60.0,0,98118.0
239950.0,3,1.75,1440.0,7,3.0,29.0,0,98188.0
200000.0,2,1.0,830.0,6,3.0,60.0,0,98198.0
208000.0,3,1.5,1210.0,7,4.0,47.0,0,98003.0
202500.0,3,1.0,1120.0,6,3.0,71.0,0,98178.0
295000.0,4,2.5,1810.0,8,3.0,15.0,0,98031.0
250000.0,2,1.75,1350.0,7,3.0,10.0,0,98038.0
265000.0,3,2.5,1660.0,8,4.0,27.0,0,98003.0
296500.0,3,1.0,1280.0,7,3.0,66.0,0,98126.0
269500.0,2,1.0,930.0,6,3.0,72.0,0,98108.0
229500.0,1,1.0,1180.0,6,3.0,66.0,0,98198.0
270000.0,3,2.25,2140.0,8,4.0,53.0,0,98003.0
300000.0,2,1.0,970.0,6,3.0,65.0,0,98106.0
255500.0,2,1.0,1440.0,7,4.0,49.0,0,98027.0
280000.0,3,1.0,1310.0,7,3.0,46.0,0,98092.0
245000.0,4,2.25,2140.0,7,4.0,52.0,0,98032.0
232603.0,3,1.75,1750.0,7,4.0,38.0,0,98002.0
220000.0,5,2.5,1760.0,6,3.0,89.0,0,98106.0
239000.0,3,2.5,1360.0,7,3.0,20.0,0,98030.0
165000.0,3,1.0,1050.0,7,3.0,96.0,0,98106.0
210000.0,3,1.0,1020.0,5,3.0,114.0,0,98027.0
180000.0,3,1.0,940.0,7,4.0,55.0,0,98032.0
234000.0,3,2.0,1640.0,6,5.0,104.0,0,98002.0
224000.0,3,1.75,1100.0,7,4.0,45.0,0,98092.0
185000.0,3,1.0,1320.0,6,4.0,53.0,0,98002.0
268000.0,3,1.75,1480.0,7,3.0,34.0,0,98032.0
225000.0,2,1.0,1396.0,7,3.0,74.0,1,98053.0
254999.0,3,1.0,1580.0,7,4.0,39.0,0,98001.0
279000.0,4,2.5,2040.0,7,3.0,20.0,0,98042.0
291000.0,3,1.75,1560.0,7,3.0,50.0,0,98178.0
90000.0,3,1.0,980.0,6,4.0,45.0,0,98092.0
187000.0,2,1.0,860.0,5,4.0,61.0,0,98056.0
268000.0,4,2.0,1930.0,7,4.0,47.0,0,98168.0
259000.0,3,1.0,1320.0,7,4.0,57.0,0,98056.0
295000.0,4,2.0,1710.0,7,5.0,39.0,0,98031.0
203700.0,3,2.0,1660.0,7,3.0,32.0,0,98092.0
237500.0,3,2.0,1350.0,7,4.0,29.0,0,98038.0
200000.0,3,2.0,1190.0,7,3.0,19.0,0,98092.0
280000.0,3,1.75,1670.0,7,3.0,57.0,0,98118.0
140000.0,3,1.5,1200.0,8,3.0,48.0,0,98055.0
210000.0,3,1.0,880.0,6,3.0,73.0,0,98146.0
137000.0,3,1.0,950.0,6,3.0,60.0,0,98106.0
270000.0,3,1.0,1010.0,7,5.0,40.0,0,98042.0
225000.0,3,2.0,1100.0,6,3.0,45.0,1,98042.0
295000.0,2,1.0,650.0,6,3.0,64.0,0,98122.0
299000.0,5,2.5,2220.0,7,4.0,46.0,0,98058.0
285000.0,3,2.5,1660.0,8,3.0,11.0,0,98042.0
285000.0,4,1.75,1440.0,6,5.0,60.0,0,98166.0
290000.0,4,1.75,2090.0,8,3.0,47.0,0,98166.0
299000.0,3,1.0,1040.0,7,4.0,45.0,0,98059.0
287500.0,4,2.0,1220.0,7,5.0,62.0,0,98146.0
135900.0,2,1.0,760.0,6,3.0,64.0,0,98178.0
218000.0,4,1.0,1620.0,7,3.0,52.0,0,98023.0
289999.0,3,2.0,1490.0,8,3.0,20.0,0,98092.0
260000.0,6,2.0,2220.0,7,3.0,37.0,0,98002.0
275000.0,3,2.25,1820.0,7,4.0,27.0,0,98031.0
250000.0,3,2.25,1765.0,7,3.0,18.0,0,98003.0
291000.0,3,1.75,1560.0,7,3.0,50.0,0,98178.0
205000.0,3,1.0,1180.0,7,4.0,47.0,0,98003.0
191000.0,3,1.5,800.0,6,4.0,55.0,0,98023.0
250000.0,3,1.0,1010.0,6,5.0,70.0,0,98056.0
299500.0,3,1.75,1880.0,7,4.0,46.0,0,98092.0
250000.0,2,1.0,800.0,6,3.0,71.0,0,98125.0
279475.0,2,1.0,1060.0,6,3.0,47.0,0,98065.0
148000.0,2,1.0,630.0,6,3.0,84.0,0,98106.0
240000.0,3,1.75,1420.0,7,4.0,35.0,0,98030.0
283500.0,3,1.75,1250.0,7,3.0,30.0,0,98198.0
235000.0,2,1.0,2150.0,7,3.0,97.0,0,98118.0
182000.0,3,1.0,1160.0,5,2.0,64.0,0,98168.0
250000.0,3,2.0,1470.0,6,3.0,11.0,0,98038.0
275400.0,2,1.0,890.0,7,3.0,67.0,0,98155.0
163000.0,2,2.0,1250.0,7,3.0,53.0,0,98198.0
227000.0,4,1.0,1120.0,6,3.0,43.0,0,98146.0
179000.0,4,1.75,1790.0,6,3.0,114.0,0,98168.0
276000.0,2,1.0,870.0,7,3.0,10.0,0,98144.0
266490.0,3,2.5,1810.0,7,3.0,10.0,0,98042.0
235000.0,5,2.5,2500.0,7,3.0,35.0,0,98198.0
190000.0,5,2.0,1750.0,5,4.0,71.0,0,98056.0
252000.0,3,2.0,1540.0,7,4.0,30.0,0,98023.0
244000.0,3,1.0,2000.0,6,3.0,67.0,0,98178.0
230000.0,3,1.0,1390.0,6,4.0,54.0,0,98001.0
244000.0,3,1.0,2000.0,6,3.0,67.0,0,98178.0
205950.0,3,1.0,970.0,6,4.0,45.0,0,98198.0
209000.0,3,1.0,1320.0,6,3.0,102.0,1,98022.0
279000.0,4,2.75,2180.0,7,4.0,28.0,0,98031.0
187300.0,2,1.0,1310.0,6,3.0,64.0,0,98146.0
257500.0,3,2.0,1300.0,7,5.0,33.0,0,98178.0
216500.0,2,1.75,1390.0,8,4.0,34.0,0,98198.0
265000.0,6,2.5,2000.0,7,4.0,55.0,0,98032.0
229500.0,3,1.75,1770.0,8,4.0,46.0,0,98092.0
218250.0,3,1.0,1270.0,7,3.0,48.0,0,98023.0
231750.0,3,1.0,1020.0,7,3.0,34.0,0,98058.0
199900.0,1,1.0,720.0,6,3.0,84.0,0,98146.0
263000.0,4,2.75,1830.0,7,5.0,35.0,0,98023.0
279950.0,3,1.5,1520.0,7,4.0,24.0,0,98198.0
252500.0,3,2.0,1900.0,7,3.0,23.0,0,98023.0
205000.0,3,1.0,1370.0,7,3.0,45.0,0,98001.0
200000.0,3,1.0,960.0,6,2.0,82.0,0,98024.0
270000.0,3,2.5,1780.0,7,3.0,5.0,0,98042.0
178500.0,3,1.0,1200.0,7,5.0,53.0,0,98032.0
270000.0,4,2.5,1900.0,7,3.0,46.0,1,98022.0
129888.0,2,1.0,710.0,6,3.0,71.0,0,98166.0
260000.0,3,1.75,1360.0,7,3.0,28.0,0,98038.0
250000.0,3,1.0,1640.0,6,3.0,39.0,0,98019.0
168000.0,3,1.0,1150.0,6,4.0,102.0,1,98001.0
280000.0,2,1.0,1150.0,6,3.0,56.0,0,98058.0
295000.0,3,1.75,2000.0,7,4.0,46.0,0,98058.0
300000.0,3,1.75,1420.0,7,3.0,36.0,0,98146.0
208500.0,2,1.0,880.0,5,4.0,109.0,0,98010.0
249900.0,3,2.0,1310.0,7,4.0,24.0,0,98042.0
190000.0,3,1.0,1280.0,7,3.0,54.0,0,98178.0
174900.0,3,1.0,1100.0,6,2.0,88.0,0,98108.0
234000.0,3,1.0,960.0,7,3.0,62.0,0,98155.0
225000.0,3,1.0,1250.0,7,3.0,48.0,0,98001.0
272500.0,3,2.0,1410.0,7,4.0,31.0,0,98058.0
270000.0,3,1.0,1500.0,7,4.0,46.0,0,98059.0
221347.0,3,2.0,1580.0,6,3.0,71.0,0,98178.0
279000.0,4,2.5,1810.0,8,4.0,37.0,0,98022.0
159000.0,3,1.0,1360.0,7,4.0,61.0,0,98001.0
242000.0,4,2.5,1750.0,7,4.0,39.0,0,98023.0
289000.0,3,2.25,1670.0,7,4.0,24.0,0,98042.0
151000.0,2,0.75,720.0,4,3.0,66.0,0,98106.0
160000.0,3,1.5,960.0,7,4.0,45.0,0,98023.0
215000.0,3,1.0,1200.0,7,4.0,47.0,0,98032.0
290000.0,4,2.5,2340.0,8,2.0,36.0,0,98042.0
225000.0,3,1.75,1610.0,7,4.0,36.0,0,98092.0
299000.0,3,1.75,1180.0,7,5.0,52.0,0,98059.0
199900.0,4,1.75,1790.0,6,5.0,71.0,0,98001.0
224000.0,3,1.75,1760.0,7,3.0,52.0,0,98178.0
244000.0,3,1.75,1540.0,7,4.0,34.0,0,98031.0
244000.0,3,2.0,1350.0,7,3.0,16.0,0,98022.0
211000.0,4,1.0,2100.0,7,3.0,55.0,0,98168.0
133400.0,3,1.0,900.0,6,4.0,36.0,0,98023.0
240000.0,3,2.0,1553.0,7,3.0,115.0,1,98022.0
296475.0,3,2.5,1520.0,7,3.0,10.0,0,98038.0
229950.0,4,1.5,1570.0,6,5.0,103.0,0,98002.0
229999.0,3,1.75,1310.0,7,4.0,41.0,0,98092.0
260000.0,3,2.5,1440.0,7,3.0,8.0,0,98146.0
205000.0,4,1.5,1420.0,7,3.0,53.0,0,98198.0
229000.0,3,1.5,1200.0,6,3.0,35.0,0,98146.0
215000.0,2,1.0,1240.0,7,3.0,47.0,0,98168.0
205000.0,3,1.0,1120.0,7,4.0,39.0,0,98042.0
152275.0,1,1.0,1020.0,6,3.0,77.0,1,98146.0
193000.0,3,1.0,960.0,6,4.0,52.0,0,98002.0
289950.0,4,1.75,1500.0,7,3.0,58.0,0,98188.0
269950.0,3,2.5,1520.0,7,3.0,33.0,0,98058.0
142000.0,0,0.0,290.0,1,1.0,51.0,0,98024.0
300000.0,3,1.75,1310.0,7,3.0,47.0,0,98034.0
278000.0,3,2.25,2120.0,7,3.0,21.0,0,98042.0
190000.0,4,1.75,1900.0,7,4.0,48.0,0,98038.0
279950.0,3,2.25,1850.0,7,3.0,37.0,0,98058.0
216500.0,3,1.0,1020.0,6,4.0,43.0,0,98188.0
277500.0,4,2.0,1700.0,7,3.0,25.0,0,98030.0
278000.0,5,1.5,1820.0,7,5.0,55.0,0,98032.0
185000.0,3,1.75,1080.0,7,3.0,46.0,0,98178.0
299000.0,3,2.25,2540.0,8,4.0,45.0,0,98031.0
299500.0,3,1.75,1810.0,8,3.0,34.0,0,98032.0
234000.0,4,1.0,1390.0,7,3.0,59.0,1,98032.0
257000.0,2,1.0,770.0,7,3.0,63.0,0,98125.0
229500.0,2,1.75,1870.0,7,3.0,67.0,0,98178.0
246000.0,4,1.5,2120.0,6,3.0,96.0,0,98030.0
246500.0,2,1.0,940.0,7,2.0,61.0,0,98148.0
267000.0,3,1.0,940.0,6,4.0,72.0,0,98146.0
268000.0,4,3.0,1840.0,8,5.0,26.0,1,98092.0
240000.0,3,1.0,1600.0,7,4.0,43.0,0,98045.0
147000.0,3,1.5,1480.0,7,4.0,51.0,0,98023.0
210000.0,3,1.75,1590.0,7,3.0,28.0,0,98198.0
252500.0,2,1.0,770.0,6,3.0,77.0,0,98108.0
175000.0,2,1.0,960.0,6,3.0,63.0,0,98118.0
255000.0,3,2.25,1850.0,7,3.0,26.0,0,98023.0
171000.0,4,2.0,1520.0,6,3.0,94.0,0,98188.0
226000.0,4,1.5,1200.0,7,5.0,42.0,0,98042.0
254922.0,2,1.0,780.0,6,4.0,61.0,0,98133.0
269950.0,3,1.5,1740.0,7,4.0,52.0,0,98055.0
270950.0,2,1.0,780.0,6,3.0,73.0,0,98168.0
235000.0,3,1.0,1590.0,6,3.0,70.0,0,98166.0
275500.0,4,1.0,1290.0,7,3.0,58.0,0,98146.0
263000.0,4,1.75,1340.0,6,3.0,57.0,0,98188.0
257000.0,3,1.75,1397.0,7,3.0,49.0,1,98092.0
300000.0,3,2.25,2000.0,7,3.0,35.0,0,98055.0
187500.0,3,1.0,840.0,6,3.0,55.0,0,98023.0
235000.0,3,1.0,1460.0,7,3.0,57.0,0,98055.0
282000.0,3,1.0,1250.0,6,4.0,84.0,0,98065.0
279900.0,3,3.25,2240.0,9,3.0,26.0,0,98198.0
185000.0,4,1.0,1490.0,7,3.0,45.0,0,98168.0
235000.0,3,1.0,1240.0,7,2.0,71.0,0,98198.0
299000.0,2,2.5,1400.0,8,3.0,6.0,0,98106.0
155000.0,3,1.0,1300.0,7,3.0,1.0,0,98014.0
274000.0,3,2.5,1830.0,8,3.0,9.0,0,98055.0
267800.0,3,1.75,1410.0,8,3.0,0.0,0,98106.0
290000.0,2,1.5,1020.0,8,3.0,6.0,0,98103.0
275000.0,4,2.5,1830.0,7,3.0,7.0,0,98118.0
299900.0,3,2.5,1210.0,9,3.0,6.0,0,98106.0
280000.0,3,2.75,1740.0,7,3.0,5.0,0,98022.0
250000.0,3,2.5,1750.0,7,3.0,3.0,0,98001.0
290750.0,3,2.5,1270.0,7,3.0,7.0,0,98118.0
291000.0,2,1.0,840.0,8,3.0,7.0,0,98103.0
263000.0,3,2.5,1584.0,7,3.0,3.0,0,98002.0
282000.0,3,2.25,1260.0,8,3.0,7.0,0,98106.0
220000.0,2,1.5,1030.0,7,3.0,20.0,0,98038.0
250000.0,3,1.5,1072.0,7,3.0,5.0,0,98042.0
299000.0,2,1.5,830.0,7,3.0,9.0,0,98122.0
282000.0,4,2.5,1785.0,8,3.0,5.0,0,98030.0
292000.0,4,3.0,1984.0,7,3.0,2.0,0,98002.0
245000.0,3,1.5,1260.0,7,3.0,9.0,0,98133.0
290000.0,4,2.5,2423.0,8,3.0,9.0,0,98023.0
230000.0,3,2.0,1160.0,7,3.0,7.0,0,98106.0
282000.0,3,2.5,2010.0,7,3.0,8.0,0,98042.0
299950.0,3,2.5,1320.0,7,3.0,9.0,0,98118.0
293000.0,3,2.25,1910.0,8,3.0,5.0,0,98055.0
285000.0,3,2.5,2437.0,7,3.0,3.0,0,98002.0
300000.0,4,2.5,2090.0,7,3.0,7.0,0,98031.0
272000.0,4,2.5,2789.0,7,3.0,7.0,0,98001.0
293467.0,4,2.0,1590.0,7,3.0,7.0,0,98027.0
210000.0,3,2.0,1580.0,7,3.0,9.0,0,98042.0
215000.0,4,2.5,1847.0,7,3.0,6.0,0,98001.0
288790.0,4,2.0,1390.0,7,3.0,6.0,0,98027.0
292500.0,3,2.5,1440.0,8,3.0,9.0,0,98106.0
260000.0,3,2.5,1427.0,7,3.0,5.0,0,98042.0
268500.0,3,2.25,1140.0,7,3.0,6.0,0,98126.0
175003.0,3,1.5,1390.0,7,3.0,0.0,0,98108.0
249900.0,3,2.5,1610.0,8,3.0,9.0,0,98055.0
295000.0,3,1.5,1220.0,7,3.0,32.0,0,98033.0
260000.0,3,2.25,1489.0,7,3.0,4.0,0,98002.0
279000.0,5,2.5,2690.0,7,3.0,2.0,0,98178.0
287000.0,3,2.5,1600.0,8,3.0,1.0,0,98092.0
245000.0,2,1.5,690.0,7,3.0,10.0,0,98103.0
290000.0,1,0.75,740.0,6,4.0,86.0,0,98107.0
240000.0,3,2.25,1481.0,7,3.0,2.0,0,98002.0
275000.0,3,2.5,2217.0,7,3.0,5.0,0,98001.0
245000.0,4,2.5,1921.0,7,3.0,6.0,0,98001.0
290000.0,2,1.5,1076.0,7,3.0,8.0,0,98125.0
252000.0,3,2.5,1670.0,7,3.0,6.0,0,98118.0
254950.0,3,2.5,1794.0,7,3.0,9.0,0,98001.0
248000.0,3,2.5,1870.0,7,3.0,8.0,0,98042.0
205000.0,2,1.5,830.0,7,3.0,9.0,0,98106.0
261950.0,3,2.5,1880.0,7,3.0,4.0,0,98042.0
260000.0,3,2.25,1413.0,8,3.0,6.0,0,98031.0
205000.0,4,2.5,1767.0,8,3.0,9.0,0,98001.0
204000.0,2,2.5,1090.0,7,3.0,8.0,0,98198.0
250000.0,2,1.5,982.0,8,3.0,8.0,0,98133.0
280000.0,4,2.25,1834.0,8,3.0,2.0,0,98042.0
278000.0,2,2.25,1610.0,7,4.0,36.0,0,98056.0
270000.0,3,2.0,1300.0,8,3.0,8.0,0,98126.0
221000.0,3,2.5,1320.0,7,3.0,9.0,0,98118.0
300000.0,3,2.5,1741.0,8,3.0,3.0,0,98030.0
252500.0,2,1.5,1110.0,7,3.0,6.0,0,98118.0
216000.0,4,2.5,1847.0,7,3.0,7.0,0,98001.0
298000.0,3,2.5,1852.0,7,3.0,0.0,0,98002.0
289950.0,3,2.5,2099.0,7,3.0,5.0,0,98002.0
255000.0,4,2.5,1660.0,7,3.0,6.0,0,98001.0
270000.0,3,2.25,1400.0,7,3.0,2.0,0,98042.0
235000.0,2,1.0,1140.0,8,3.0,7.0,0,98126.0
263900.0,3,2.5,1658.0,8,3.0,0.0,0,98198.0
279000.0,4,2.5,2009.0,8,3.0,2.0,0,98092.0
255000.0,3,2.5,1530.0,7,3.0,9.0,0,98028.0
274000.0,3,1.5,1450.0,7,3.0,3.0,0,98038.0
300000.0,6,3.0,2744.0,7,3.0,8.0,0,98002.0
160797.0,3,1.5,1270.0,7,3.0,2.0,0,98108.0
271115.0,2,1.5,830.0,7,3.0,9.0,0,98136.0
267000.0,3,2.25,1584.0,7,3.0,2.0,0,98002.0
262000.0,4,2.5,2070.0,7,3.0,9.0,0,98188.0
290500.0,4,3.25,2510.0,9,3.0,11.0,0,98055.0
294000.0,3,1.75,1420.0,7,3.0,0.0,0,98108.0
290000.0,2,1.5,770.0,7,3.0,8.0,0,98116.0
292000.0,3,2.5,1270.0,7,3.0,7.0,0,98125.0
280000.0,3,2.5,1608.0,8,3.0,3.0,0,98092.0
292000.0,3,2.5,1610.0,8,3.0,9.0,0,98055.0
250000.0,3,2.0,1590.0,7,3.0,18.0,0,98038.0
265000.0,3,2.25,1489.0,7,3.0,3.0,0,98002.0
286800.0,3,2.5,1413.0,8,3.0,3.0,0,98031.0
230000.0,3,1.75,1140.0,8,3.0,0.0,0,98108.0
298450.0,5,3.0,2100.0,8,3.0,7.0,0,98003.0
258800.0,2,1.75,1290.0,8,3.0,1.0,0,98106.0
295000.0,2,2.5,1630.0,7,3.0,5.0,0,98106.0
212000.0,2,1.5,1020.0,7,3.0,10.0,0,98133.0
250000.0,3,2.25,1400.0,7,3.0,2.0,0,98042.0
289000.0,2,1.5,1160.0,7,3.0,32.0,0,98034.0
265000.0,3,2.5,1400.0,7,3.0,1.0,0,98146.0
273500.0,3,2.5,1550.0,7,3.0,5.0,0,98002.0
256950.0,2,2.0,1070.0,9,3.0,6.0,0,98106.0
297000.0,4,2.5,2230.0,8,3.0,3.0,0,98002.0
163800.0,2,2.5,1000.0,7,3.0,10.0,0,98118.0
220000.0,2,2.5,1000.0,7,3.0,10.0,0,98118.0
300000.0,4,2.5,2303.0,8,3.0,8.0,0,98092.0
284000.0,3,2.5,1880.0,7,3.0,5.0,0,98042.0
255900.0,3,2.5,1489.0,7,3.0,0.0,0,98002.0
295000.0,2,1.5,988.0,7,3.0,8.0,0,98125.0
261000.0,3,2.25,1584.0,7,3.0,2.0,0,98002.0
300000.0,5,2.5,2760.0,8,3.0,8.0,0,98108.0
274950.0,3,2.5,1608.0,8,3.0,1.0,0,98092.0
293000.0,2,2.25,1610.0,7,4.0,36.0,0,98056.0
282900.0,4,2.5,1710.0,7,3.0,0.0,0,98002.0
256703.0,3,2.0,1670.0,7,3.0,0.0,0,98022.0
275000.0,3,2.25,1450.0,7,3.0,5.0,0,98038.0
275000.0,4,2.5,2150.0,8,3.0,8.0,0,98002.0
285000.0,3,2.5,1320.0,7,3.0,6.0,0,98106.0
287450.0,3,2.5,1440.0,7,3.0,7.0,0,98146.0
275000.0,3,3.0,1390.0,7,3.0,8.0,0,98118.0
259950.0,3,2.5,1578.0,7,3.0,4.0,0,98030.0
265000.0,2,1.5,1084.0,7,3.0,39.0,0,98125.0
286308.0,2,1.5,1220.0,7,3.0,8.0,0,98133.0
298900.0,3,2.5,1852.0,7,3.0,0.0,0,98002.0
249000.0,2,1.5,1090.0,7,3.0,32.0,0,98034.0
260000.0,5,2.5,2025.0,7,3.0,7.0,0,98001.0
253101.0,3,2.0,1239.0,7,3.0,5.0,0,98030.0
240000.0,4,1.0,1200.0,7,3.0,81.0,0,98133.0
239000.0,2,1.5,680.0,7,3.0,9.0,0,98103.0
272000.0,3,2.5,1528.0,7,3.0,4.0,0,98030.0
290000.0,3,2.5,1420.0,8,3.0,7.0,0,98133.0
182568.0,4,1.5,1500.0,7,3.0,0.0,0,98108.0
208800.0,3,2.5,1390.0,7,3.0,5.0,0,98118.0
239800.0,2,1.75,1290.0,8,3.0,0.0,0,98106.0
299000.0,3,2.25,1350.0,8,3.0,5.0,0,98031.0
300000.0,4,3.0,1984.0,7,3.0,5.0,0,98002.0
275000.0,3,2.75,1740.0,7,3.0,5.0,0,98022.0
270500.0,5,2.5,2406.0,8,3.0,8.0,0,98001.0
274500.0,3,2.25,1450.0,7,3.0,4.0,0,98038.0
274900.0,3,2.0,1936.0,7,3.0,0.0,0,98001.0
299999.0,3,2.25,1350.0,7,3.0,8.0,0,98106.0
246950.0,3,3.0,1670.0,7,3.0,0.0,0,98022.0
287000.0,4,2.5,2660.0,7,3.0,4.0,0,98042.0
286950.0,4,2.5,1610.0,7,3.0,1.0,0,98042.0
294500.0,3,2.5,1760.0,7,3.0,9.0,0,98059.0
280000.0,4,2.5,1934.0,8,3.0,1.0,0,98001.0
269800.0,4,2.75,1830.0,8,3.0,2.0,0,98198.0
110000.0,2,1.0,828.0,6,3.0,47.0,1,98001.0
230000.0,3,1.5,1040.0,9,3.0,-1.0,0,98144.0
295500.0,3,2.5,1410.0,7,3.0,0.0,0,98108.0
193000.0,2,1.75,910.0,6,3.0,11.0,0,98038.0
268000.0,3,2.5,1700.0,7,3.0,0.0,0,98168.0
300000.0,3,2.5,2090.0,7,3.0,9.0,0,98042.0
284000.0,3,2.5,1660.0,7,3.0,1.0,0,98038.0
294900.0,3,2.5,1860.0,8,3.0,4.0,0,98038.0
286000.0,2,1.5,1010.0,7,3.0,8.0,0,98125.0
255000.0,3,2.25,1320.0,7,3.0,7.0,0,98106.0
260000.0,4,2.5,2150.0,8,3.0,8.0,0,98002.0
255000.0,4,2.5,1987.0,7,3.0,3.0,0,98001.0
288000.0,4,2.25,1610.0,7,3.0,4.0,0,98038.0
300000.0,3,3.25,1470.0,7,3.0,6.0,0,98108.0
300000.0,3,2.5,1330.0,7,3.0,12.0,0,98133.0
255000.0,3,1.75,1260.0,7,3.0,3.0,0,98106.0
294570.0,3,1.0,1140.0,7,4.0,55.0,0,98059.0
300000.0,3,2.5,1960.0,7,3.0,2.0,0,98059.0
223990.0,2,2.25,1061.0,7,3.0,2.0,0,98002.0
295000.0,3,2.5,1660.0,7,3.0,3.0,0,98038.0
255500.0,3,2.5,1770.0,7,3.0,5.0,0,98042.0
277950.0,4,2.5,1889.0,7,3.0,2.0,0,98001.0
277140.0,3,1.5,1190.0,8,3.0,0.0,0,98052.0
300000.0,3,2.0,1451.0,7,3.0,5.0,0,98042.0
279800.0,3,1.75,1410.0,8,3.0,1.0,0,98106.0
250000.0,3,2.25,1481.0,7,3.0,3.0,0,98002.0
265050.0,2,1.5,800.0,7,3.0,6.0,0,98106.0
270000.0,4,2.5,2701.0,7,3.0,1.0,0,98092.0
294000.0,2,2.5,1380.0,7,3.0,2.0,0,98126.0
215000.0,3,2.5,1322.0,7,3.0,5.0,0,98001.0
235245.0,4,2.5,1954.0,8,3.0,8.0,0,98001.0
279950.0,3,2.5,1608.0,8,3.0,2.0,0,98092.0
272167.0,2,2.5,1620.0,7,3.0,1.0,0,98027.0
298000.0,3,2.5,1950.0,7,3.0,4.0,0,98038.0
259000.0,3,2.5,1550.0,7,3.0,3.0,0,98002.0
235000.0,1,1.5,1170.0,8,3.0,7.0,0,98126.0
288790.0,4,2.0,1350.0,7,3.0,6.0,0,98027.0
299000.0,3,2.5,1572.0,8,3.0,2.0,0,98092.0
272000.0,4,2.0,1870.0,7,3.0,5.0,0,98022.0
249950.0,3,2.0,1670.0,7,3.0,0.0,0,98022.0
229800.0,2,1.75,1110.0,8,3.0,0.0,0,98108.0
300000.0,4,2.5,1914.0,8,3.0,5.0,0,98055.0
208400.0,2,2.5,1570.0,7,3.0,7.0,0,98106.0
279500.0,4,2.5,1613.0,7,3.0,5.0,0,98042.0
245000.0,1,1.0,390.0,6,4.0,95.0,0,98103.0
295000.0,3,2.0,1230.0,7,3.0,5.0,0,98058.0
274800.0,3,1.75,1410.0,8,3.0,1.0,0,98106.0
300000.0,3,2.5,2540.0,7,3.0,8.0,0,98042.0
269950.0,3,2.5,2244.0,7,3.0,3.0,0,98001.0
288790.0,3,1.75,1290.0,7,3.0,6.0,0,98027.0
299950.0,3,2.5,1740.0,7,3.0,3.0,0,98042.0
288000.0,3,2.5,1150.0,7,3.0,7.0,0,98133.0
255000.0,3,2.5,2555.0,8,3.0,9.0,0,98031.0
250000.0,1,1.5,1180.0,8,3.0,8.0,0,98126.0
239950.0,3,1.75,1600.0,6,3.0,1.0,0,98042.0
249000.0,3,1.0,1030.0,5,3.0,72.0,0,98023.0
290000.0,3,2.25,1610.0,7,3.0,3.0,0,98042.0
249000.0,3,2.0,1260.0,7,3.0,3.0,0,98106.0
230000.0,3,1.75,1140.0,8,3.0,0.0,0,98108.0
270000.0,3,2.5,1870.0,7,3.0,5.0,0,98042.0
224000.0,3,1.75,1500.0,6,3.0,0.0,0,98010.0
